timestamp_art,weekday,hour,best_ask,ask_exchange,best_bid,bid_exchange,spread_ars,spread_pct
2026-06-08T19:07:49-03:00,Mon,19,1496.1900,lemoncashp2p,1514.9000,binance,18.7100,1.2505
2026-06-10T13:25:19-03:00,Wed,13,1496.6900,bitsoalpha,1508.6600,satoshitango,11.9700,0.7998
2026-06-10T16:18:47-03:00,Wed,16,1497.1600,bitsoalpha,1505.2000,eldoradop2p,8.0400,0.5370
2026-06-11T01:56:54-03:00,Thu,1,1492.8200,bitsoalpha,1500.0000,bybitp2p,7.1800,0.4810
2026-06-11T06:19:35-03:00,Thu,6,1495.9000,bitsoalpha,1500.8000,binance,4.9000,0.3276
2026-06-11T16:43:55-03:00,Thu,16,1489.8000,bybitp2p,1499.2000,binance,9.4000,0.6310
2026-06-11T19:13:18-03:00,Thu,19,1487.1000,bitsoalpha,1496.2000,binance,9.1000,0.6119
2026-06-11T21:08:36-03:00,Thu,21,1487.7708,bitsoalpha,1497.5000,binance,9.7292,0.6539
2026-06-12T06:10:09-03:00,Fri,6,1491.8433,ripioexchange,1498.9999,binance,7.1566,0.4797
2026-06-12T12:52:24-03:00,Fri,12,1493.0000,bybitp2p,1502.5900,satoshitango,9.5900,0.6423
2026-06-12T17:55:15-03:00,Fri,17,1475.0000,lemoncashp2p,1501.4692,binance,26.4692,1.7945
2026-06-12T19:44:23-03:00,Fri,19,1475.0000,lemoncashp2p,1504.7800,satoshitango,29.7800,2.0190
2026-06-12T22:33:42-03:00,Fri,22,1495.6610,bitsoalpha,1504.1000,binance,8.4390,0.5642
2026-06-13T03:01:35-03:00,Sat,3,1486.0400,lemoncashp2p,1505.8000,binance,19.7600,1.3297
2026-06-13T13:44:22-03:00,Sat,13,1498.6200,bitsoalpha,1511.2969,binance,12.6769,0.8459
2026-06-13T18:36:03-03:00,Sat,18,1499.3847,bitsoalpha,1509.0174,binance,9.6327,0.6424
2026-06-13T19:43:40-03:00,Sat,19,1500.4398,bitsoalpha,1511.7000,binance,11.2602,0.7505
2026-06-13T21:19:23-03:00,Sat,21,1501.2730,lemoncash,1511.6841,binance,10.4111,0.6935
2026-06-14T02:19:17-03:00,Sun,2,1500.4817,bitsoalpha,1511.6000,binance,11.1183,0.7410
2026-06-14T05:54:37-03:00,Sun,5,1501.1358,bitsoalpha,1512.5000,binance,11.3642,0.7570
2026-06-14T08:36:22-03:00,Sun,8,1500.2836,ripioexchange,1513.4000,binance,13.1164,0.8743
2026-06-14T10:18:08-03:00,Sun,10,1501.2160,lemoncash,1515.0000,bybitp2p,13.7840,0.9182
2026-06-14T12:27:55-03:00,Sun,12,1501.1379,lemoncash,1515.0000,bybitp2p,13.8621,0.9234
2026-06-14T14:01:27-03:00,Sun,14,1500.8900,bitsoalpha,1515.0000,bybitp2p,14.1100,0.9401
2026-06-14T15:22:23-03:00,Sun,15,1488.0000,lemoncashp2p,1515.0000,bybitp2p,27.0000,1.8145
2026-06-14T17:09:23-03:00,Sun,17,1485.0000,lemoncashp2p,1515.0000,bybitp2p,30.0000,2.0202
2026-06-14T18:37:22-03:00,Sun,18,1501.0200,bitsoalpha,1515.0000,bybitp2p,13.9800,0.9314
2026-06-14T19:49:03-03:00,Sun,19,1501.0943,lemoncash,1515.0000,bybitp2p,13.9057,0.9264
2026-06-14T21:21:30-03:00,Sun,21,1501.0913,lemoncash,1515.0000,bybitp2p,13.9087,0.9266
2026-06-15T03:06:51-03:00,Mon,3,1503.1887,lemoncashp2p,1515.0000,bybitp2p,11.8113,0.7857
2026-06-15T09:39:46-03:00,Mon,9,1501.8907,bitsoalpha,1515.0000,bybitp2p,13.1093,0.8729
2026-06-15T14:34:37-03:00,Mon,14,1503.3800,bitsoalpha,1515.0000,bybitp2p,11.6200,0.7729
2026-06-16T19:34:01-03:00,Tue,19,1499.1203,bitsoalpha,1506.9800,satoshitango,7.8597,0.5243
2026-06-16T21:03:10-03:00,Tue,21,1497.5900,bitsoalpha,1506.7100,bingxp2p,9.1200,0.6090
2026-06-17T02:10:52-03:00,Wed,2,1499.4447,bitsoalpha,1502.3597,binance,2.9150,0.1944
2026-06-17T07:02:13-03:00,Wed,7,1499.9508,bitsoalpha,1504.6600,satoshitango,4.7092,0.3140
2026-06-17T14:20:00-03:00,Wed,14,1490.3070,lemoncashp2p,1503.6300,satoshitango,13.3230,0.8940
2026-06-17T16:51:02-03:00,Wed,16,1486.2500,lemoncashp2p,1504.3600,satoshitango,18.1100,1.2185
2026-06-17T19:11:04-03:00,Wed,19,1491.5714,lemoncashp2p,1505.1798,binance,13.6084,0.9124
2026-06-17T20:50:07-03:00,Wed,20,1501.3500,bitsoalpha,1505.7840,binance,4.4340,0.2953
2026-06-18T01:58:57-03:00,Thu,1,1501.1517,bitsoalpha,1506.4296,binance,5.2779,0.3516
2026-06-18T10:40:33-03:00,Thu,10,1501.6900,bitsoalpha,1505.5000,bybitp2p,3.8100,0.2537
2026-06-19T18:19:06-03:00,Fri,18,1510.5673,lemoncashp2p,1525.8748,binance,15.3075,1.0134
2026-06-19T19:34:30-03:00,Fri,19,1514.2600,bitsoalpha,1525.9950,binance,11.7350,0.7750
2026-06-19T20:44:40-03:00,Fri,20,1515.4308,bitsoalpha,1527.9369,binance,12.5061,0.8253
2026-06-20T01:38:53-03:00,Sat,1,1515.5040,bitsoalpha,1528.0000,binance,12.4960,0.8245
2026-06-20T05:04:46-03:00,Sat,5,1517.4700,bitsoalpha,1532.4000,binance,14.9300,0.9839
2026-06-20T07:39:49-03:00,Sat,7,1516.5448,bitsoalpha,1531.6692,binance,15.1244,0.9973
2026-06-20T09:17:21-03:00,Sat,9,1516.2547,bitsoalpha,1529.2000,binance,12.9453,0.8538
2026-06-20T11:55:12-03:00,Sat,11,1518.3900,satoshitango,1532.0000,bybitp2p,13.6100,0.8963
2026-06-20T13:46:00-03:00,Sat,13,1518.3900,satoshitango,1529.2000,binance,10.8100,0.7119
2026-06-20T15:44:07-03:00,Sat,15,1518.4100,satoshitango,1527.9000,binance,9.4900,0.6250
2026-06-20T17:39:22-03:00,Sat,17,1518.4100,satoshitango,1530.2889,binance,11.8789,0.7823
2026-06-20T18:51:43-03:00,Sat,18,1520.6500,bitsoalpha,1527.9509,binance,7.3009,0.4801
2026-06-20T20:23:35-03:00,Sat,20,1519.7816,bitsoalpha,1530.6999,binance,10.9183,0.7184
2026-06-20T23:02:44-03:00,Sat,23,1519.3301,bitsoalpha,1528.8488,binance,9.5187,0.6265
2026-06-21T04:03:53-03:00,Sun,4,1521.7500,bitsoalpha,1528.4000,binance,6.6500,0.4370
2026-06-21T07:42:13-03:00,Sun,7,1521.5700,bitsoalpha,1529.0738,binance,7.5038,0.4932
2026-06-21T09:29:40-03:00,Sun,9,1428.0000,bybitp2p,1528.7000,binance,100.7000,7.0518
2026-06-21T12:00:57-03:00,Sun,12,1515.9805,ripioexchange,1527.5000,binance,11.5195,0.7599
2026-06-21T13:53:42-03:00,Sun,13,1519.1000,bitsoalpha,1528.5414,eldoradop2p,9.4414,0.6215
2026-06-21T15:47:00-03:00,Sun,15,1520.9147,bitsoalpha,1527.0000,binance,6.0853,0.4001
2026-06-21T17:45:10-03:00,Sun,17,1519.0147,bitsoalpha,1526.3000,binance,7.2853,0.4796
2026-06-21T19:21:46-03:00,Sun,19,1519.7000,bitsoalpha,1526.7000,binance,7.0000,0.4606
2026-06-21T20:54:51-03:00,Sun,20,1519.9629,bitsoalpha,1527.9000,binance,7.9371,0.5222
2026-06-22T02:26:57-03:00,Mon,2,1520.9632,ripioexchange,1527.4717,binance,6.5085,0.4279
2026-06-22T08:19:19-03:00,Mon,8,1520.8702,ripioexchange,1527.9000,binance,7.0298,0.4622
2026-06-22T13:16:09-03:00,Mon,13,1519.9875,bybitp2p,1523.9000,binance,3.9125,0.2574
2026-06-22T16:56:27-03:00,Mon,16,1520.4000,satoshitango,1527.3000,binance,6.9000,0.4538
2026-06-22T19:15:10-03:00,Mon,19,1510.0000,lemoncashp2p,1528.2000,binance,18.2000,1.2053
2026-06-22T20:53:03-03:00,Mon,20,1522.3600,satoshitango,1528.5000,binance,6.1400,0.4033
2026-06-23T01:18:03-03:00,Tue,1,1522.3900,satoshitango,1528.7000,binance,6.3100,0.4145
2026-06-23T05:08:49-03:00,Tue,5,1523.3800,satoshitango,1530.0000,binance,6.6200,0.4346
2026-06-23T08:28:43-03:00,Tue,8,1523.3800,satoshitango,1530.7000,binance,7.3200,0.4805
2026-06-23T11:03:23-03:00,Tue,11,1523.6900,satoshitango,1536.0000,binance,12.3100,0.8079
2026-06-23T13:38:53-03:00,Tue,13,1537.1729,bitsoalpha,1542.8750,binance,5.7021,0.3709
2026-06-23T15:29:15-03:00,Tue,15,1537.0000,bybitp2p,1549.2000,binance,12.2000,0.7938
2026-06-23T17:38:20-03:00,Tue,17,1530.4198,lemoncashp2p,1546.8164,binance,16.3966,1.0714
2026-06-23T19:02:55-03:00,Tue,19,1541.7245,bitsoalpha,1548.0000,bybitp2p,6.2755,0.4070
2026-06-23T20:19:51-03:00,Tue,20,1542.2004,bitsoalpha,1548.5903,binance,6.3899,0.4143
2026-06-23T22:29:03-03:00,Tue,22,1541.9000,bitsoalpha,1550.0576,binance,8.1576,0.5291
2026-06-24T02:48:25-03:00,Wed,2,1542.7396,bitsoalpha,1555.9000,binance,13.1604,0.8531
2026-06-24T06:49:40-03:00,Wed,6,1542.8204,bitsoalpha,1556.2288,binance,13.4084,0.8691
2026-06-24T09:28:26-03:00,Wed,9,1530.0900,lemoncashp2p,1552.3266,binance,22.2366,1.4533
2026-06-24T12:21:52-03:00,Wed,12,1550.0500,lemoncashp2p,1552.2637,ripioexchange,2.2137,0.1428
2026-06-24T14:30:13-03:00,Wed,14,1548.8100,bitsoalpha,1562.2998,binance,13.4898,0.8710
2026-06-24T16:16:14-03:00,Wed,16,1545.0973,lemoncashp2p,1554.0000,bybitp2p,8.9027,0.5762
2026-06-24T18:12:01-03:00,Wed,18,1547.6925,lemoncashp2p,1569.4012,binance,21.7087,1.4026
2026-06-24T19:39:52-03:00,Wed,19,1549.5773,lemoncashp2p,1569.5840,binance,20.0067,1.2911
2026-06-24T20:48:09-03:00,Wed,20,1549.5773,lemoncashp2p,1573.7000,binance,24.1227,1.5567
2026-06-25T01:21:12-03:00,Thu,1,1556.8800,bitsoalpha,1568.3000,binance,11.4200,0.7335
2026-06-25T05:01:39-03:00,Thu,5,1556.6747,bitsoalpha,1564.5152,binance,7.8405,0.5037
2026-06-25T07:52:28-03:00,Thu,7,1559.4300,bitsoalpha,1570.5000,binance,11.0700,0.7099
2026-06-25T10:24:27-03:00,Thu,10,1560.0000,bybitp2p,1567.7000,binance,7.7000,0.4936
2026-06-25T13:07:53-03:00,Thu,13,1551.9380,binance,1554.7700,satoshitango,2.8320,0.1825
2026-06-25T15:23:42-03:00,Thu,15,1547.7302,bitsoalpha,1561.3800,satoshitango,13.6498,0.8819
2026-06-25T17:38:55-03:00,Thu,17,1499.8400,wallbit,1555.0000,bybitp2p,55.1600,3.6777
2026-06-25T19:09:17-03:00,Thu,19,1499.7500,wallbit,1558.6800,satoshitango,58.9300,3.9293
2026-06-25T20:43:17-03:00,Thu,20,1499.6900,wallbit,1557.6919,binance,58.0019,3.8676
2026-06-26T01:37:08-03:00,Fri,1,1554.9830,cocoscrypto,1565.4835,binance,10.5005,0.6753
2026-06-26T05:18:10-03:00,Fri,5,1551.7653,bitsoalpha,1559.8000,binance,8.0347,0.5178
2026-06-26T08:29:42-03:00,Fri,8,1551.2504,bitsoalpha,1565.6000,binance,14.3496,0.9250
2026-06-26T10:34:55-03:00,Fri,10,1554.0000,bybitp2p,1567.8112,binance,13.8112,0.8888
2026-06-26T12:57:54-03:00,Fri,12,1543.0056,bitsoalpha,1548.2700,satoshitango,5.2644,0.3412
2026-06-26T15:02:00-03:00,Fri,15,1539.0000,bitsoalpha,1542.7800,satoshitango,3.7800,0.2456
2026-06-26T17:06:09-03:00,Fri,17,1541.4414,bitsoalpha,1552.5595,binance,11.1181,0.7213
2026-06-26T18:38:19-03:00,Fri,18,1543.4018,bitsoalpha,1556.9726,binance,13.5708,0.8793
2026-06-26T19:48:27-03:00,Fri,19,1542.1614,bitsoalpha,1560.2000,binance,18.0386,1.1697
2026-06-26T21:18:47-03:00,Fri,21,1545.1827,bitsoalpha,1560.8446,binance,15.6619,1.0136
2026-06-27T01:39:24-03:00,Sat,1,1545.5207,lemoncashp2p,1559.7000,binance,14.1793,0.9174
2026-06-27T04:38:54-03:00,Sat,4,1548.6314,bitsoalpha,1559.7000,binance,11.0686,0.7147
2026-06-27T06:49:48-03:00,Sat,6,1548.7505,bitsoalpha,1560.0000,binance,11.2495,0.7264
2026-06-27T08:45:02-03:00,Sat,8,1549.5053,bitsoalpha,1560.0000,binance,10.4947,0.6773
2026-06-27T11:04:21-03:00,Sat,11,1550.5023,bitsoalpha,1560.2000,satoshitango,9.6977,0.6255
2026-06-27T12:37:01-03:00,Sat,12,1553.0014,cocoscrypto,1558.8000,binance,5.7986,0.3734
2026-06-27T13:43:43-03:00,Sat,13,1553.0014,cocoscrypto,1559.4000,binance,6.3986,0.4120
2026-06-27T15:16:11-03:00,Sat,15,1550.0805,bitsoalpha,1558.0842,binance,8.0037,0.5163
2026-06-27T16:55:27-03:00,Sat,16,1547.9000,bitsoalpha,1557.2000,binance,9.3000,0.6008
2026-06-27T18:18:13-03:00,Sat,18,1545.8318,bitsoalpha,1557.9977,binance,12.1659,0.7870
2026-06-27T19:41:05-03:00,Sat,19,1543.1533,bitsoalpha,1558.0000,binance,14.8467,0.9621
2026-06-27T20:40:34-03:00,Sat,20,1546.1360,bitsoalpha,1557.8944,binance,11.7584,0.7605
2026-06-27T22:51:09-03:00,Sat,22,1546.2235,bitsoalpha,1557.5538,binance,11.3303,0.7328
2026-06-28T03:36:05-03:00,Sun,3,1546.8700,bitsoalpha,1556.8000,binance,9.9300,0.6419
2026-06-28T06:45:15-03:00,Sun,6,1545.4200,bitsoalpha,1556.4492,binance,11.0292,0.7137
2026-06-28T08:57:30-03:00,Sun,8,1545.3512,bitsoalpha,1556.4971,binance,11.1459,0.7213
2026-06-28T11:12:39-03:00,Sun,11,1534.5050,lemoncashp2p,1556.1000,binance,21.5950,1.4073
2026-06-28T12:40:13-03:00,Sun,12,1534.5150,lemoncashp2p,1556.0603,binance,21.5453,1.4040
2026-06-28T13:47:08-03:00,Sun,13,1538.0200,lemoncashp2p,1556.4000,binance,18.3800,1.1950
2026-06-28T15:16:35-03:00,Sun,15,1540.3309,lemoncashp2p,1558.0425,binance,17.7116,1.1499
2026-06-28T16:57:13-03:00,Sun,16,1540.3300,lemoncashp2p,1558.1000,binance,17.7700,1.1536
2026-06-28T18:16:51-03:00,Sun,18,1545.1500,lemoncashp2p,1557.4525,binance,12.3025,0.7962
2026-06-28T19:40:54-03:00,Sun,19,1547.4300,bitsoalpha,1557.4000,binance,9.9700,0.6443
2026-06-28T20:46:34-03:00,Sun,20,1547.9600,bitsoalpha,1556.7951,binance,8.8351,0.5708
2026-06-29T01:57:06-03:00,Mon,1,1546.7453,bitsoalpha,1556.4616,binance,9.7163,0.6282
2026-06-29T06:57:03-03:00,Mon,6,1545.7143,bitsoalpha,1556.2000,binance,10.4857,0.6784
2026-06-29T11:17:53-03:00,Mon,11,1547.4500,bitsoalpha,1551.0100,bitgetp2p,3.5600,0.2301
2026-06-29T14:18:54-03:00,Mon,14,1546.2878,lemoncashp2p,1554.9173,binance,8.6295,0.5581
2026-06-29T16:23:51-03:00,Mon,16,1546.0200,satoshitango,1557.1000,binance,11.0800,0.7167
2026-06-29T18:11:29-03:00,Mon,18,1546.5500,satoshitango,1557.5185,binance,10.9685,0.7092
2026-06-29T19:20:00-03:00,Mon,19,1547.2600,satoshitango,1556.8606,binance,9.6006,0.6205
2026-06-29T20:38:51-03:00,Mon,20,1544.6700,satoshitango,1556.5499,binance,11.8799,0.7691
2026-06-29T22:35:11-03:00,Mon,22,1547.7600,satoshitango,1555.8000,binance,8.0400,0.5195
2026-06-30T02:53:02-03:00,Tue,2,1549.6100,satoshitango,1556.4000,binance,6.7900,0.4382
2026-06-30T06:58:37-03:00,Tue,6,1546.1200,satoshitango,1556.6000,binance,10.4800,0.6778
2026-06-30T09:22:35-03:00,Tue,9,1550.6600,satoshitango,1558.2000,binance,7.5400,0.4862
2026-06-30T12:17:11-03:00,Tue,12,1549.5038,bitsoalpha,1556.8000,binance,7.2962,0.4709
2026-06-30T14:26:50-03:00,Tue,14,1551.0000,bybitp2p,1558.0000,ripioexchange,7.0000,0.4513
2026-06-30T16:23:33-03:00,Tue,16,1553.0000,bybitp2p,1562.9608,binance,9.9608,0.6414
2026-06-30T18:18:03-03:00,Tue,18,1556.0000,bitgetp2p,1569.9000,binance,13.9000,0.8933
2026-06-30T19:54:50-03:00,Tue,19,1554.0247,bitsoalpha,1571.9000,binance,17.8753,1.1503
2026-06-30T21:18:54-03:00,Tue,21,1558.0000,bitgetp2p,1570.2998,binance,12.2998,0.7895
2026-07-01T02:09:58-03:00,Wed,2,1563.1992,bitsoalpha,1576.1929,binance,12.9937,0.8312
2026-07-01T05:54:23-03:00,Wed,5,1562.6100,bitsoalpha,1572.0000,binance,9.3900,0.6009
2026-07-01T09:16:22-03:00,Wed,9,1560.0798,bitsoalpha,1574.9000,binance,14.8202,0.9500
2026-07-01T12:23:14-03:00,Wed,12,1562.6430,bybitp2p,1570.9000,binance,8.2570,0.5284
2026-07-01T14:32:32-03:00,Wed,14,1560.9000,satoshitango,1573.6602,binance,12.7602,0.8175
2026-07-01T16:22:48-03:00,Wed,16,1564.9900,bitgetp2p,1573.4389,binance,8.4489,0.5399
2026-07-01T18:10:53-03:00,Wed,18,1563.0783,bitsoalpha,1578.0000,binance,14.9217,0.9546
2026-07-01T19:39:14-03:00,Wed,19,1561.1509,bitsoalpha,1577.7432,binance,16.5923,1.0628
2026-07-01T20:53:54-03:00,Wed,20,1562.8947,bitsoalpha,1576.0000,binance,13.1053,0.8385
2026-07-02T01:18:43-03:00,Thu,1,1558.7115,bitsoalpha,1575.3000,binance,16.5885,1.0642
2026-07-02T04:54:03-03:00,Thu,4,1562.1500,bitsoalpha,1572.8599,binance,10.7099,0.6856
2026-07-02T07:50:16-03:00,Thu,7,1554.0137,lemoncashp2p,1574.5000,binance,20.4863,1.3183
2026-07-02T10:04:58-03:00,Thu,10,1554.4100,bitsoalpha,1572.0200,satoshitango,17.6100,1.1329
2026-07-02T12:28:45-03:00,Thu,12,1563.6600,bitsoalpha,1575.7900,satoshitango,12.1300,0.7757
2026-07-02T14:15:48-03:00,Thu,14,1564.0000,bybitp2p,1570.8600,satoshitango,6.8600,0.4386
2026-07-02T16:01:46-03:00,Thu,16,1558.4800,satoshitango,1567.6000,binance,9.1200,0.5852
2026-07-02T17:36:26-03:00,Thu,17,1559.4300,bitsoalpha,1570.8532,binance,11.4232,0.7325
2026-07-02T18:48:02-03:00,Thu,18,1559.0553,ripioexchange,1568.9000,binance,9.8447,0.6315
2026-07-02T20:20:18-03:00,Thu,20,1557.0800,bitsoalpha,1567.1000,binance,10.0200,0.6435
2026-07-02T22:14:59-03:00,Thu,22,1557.8900,bitsoalpha,1566.7510,binance,8.8610,0.5688
2026-07-03T02:34:24-03:00,Fri,2,1558.9936,ripioexchange,1568.9000,binance,9.9064,0.6354
2026-07-03T05:38:37-03:00,Fri,5,1559.0000,ripioexchange,1568.1000,binance,9.1000,0.5837
2026-07-03T08:15:22-03:00,Fri,8,1556.9149,lemoncashp2p,1567.0000,binance,10.0851,0.6478
2026-07-03T10:22:34-03:00,Fri,10,1558.0300,bitsoalpha,1563.8923,binance,5.8623,0.3763
2026-07-03T12:35:32-03:00,Fri,12,1560.0000,ripioexchange,1566.9700,satoshitango,6.9700,0.4468
2026-07-03T14:01:58-03:00,Fri,14,1552.3700,bitsoalpha,1559.8000,binance,7.4300,0.4786
2026-07-03T15:37:08-03:00,Fri,15,1556.4694,ripioexchange,1563.7000,binance,7.2306,0.4646
2026-07-03T17:02:06-03:00,Fri,17,1552.3900,bitsoalpha,1561.5000,binance,9.1100,0.5868
2026-07-03T18:20:51-03:00,Fri,18,1557.0001,lemoncashp2p,1562.3540,binance,5.3539,0.3439
2026-07-03T19:39:25-03:00,Fri,19,1554.4300,bitsoalpha,1562.8000,binance,8.3700,0.5385
2026-07-03T20:40:53-03:00,Fri,20,1555.6100,bitsoalpha,1563.1809,binance,7.5709,0.4867
2026-07-03T22:15:16-03:00,Fri,22,1558.0000,bitsoalpha,1563.2000,binance,5.2000,0.3338
2026-07-04T02:27:53-03:00,Sat,2,1557.0245,bitsoalpha,1564.1000,bybitp2p,7.0755,0.4544
2026-07-04T05:13:20-03:00,Sat,5,1556.5900,bitsoalpha,1563.3000,binance,6.7100,0.4311
2026-07-04T07:35:20-03:00,Sat,7,1557.3500,bitsoalpha,1563.0000,binance,5.6500,0.3628
2026-07-04T08:54:40-03:00,Sat,8,1555.4646,bitsoalpha,1563.3000,binance,7.8354,0.5037
2026-07-04T10:55:27-03:00,Sat,10,1555.6653,bitsoalpha,1562.5685,binance,6.9032,0.4437
2026-07-04T12:19:31-03:00,Sat,12,1554.9100,bitsoalpha,1562.9000,binance,7.9900,0.5139
2026-07-04T13:38:49-03:00,Sat,13,1554.0400,bitsoalpha,1563.1000,bybitp2p,9.0600,0.5830
2026-07-04T14:40:59-03:00,Sat,14,1556.7900,bitsoalpha,1564.0154,eldoradop2p,7.2254,0.4641
2026-07-04T15:39:54-03:00,Sat,15,1556.4500,bitsoalpha,1564.0154,eldoradop2p,7.5654,0.4861
2026-07-04T16:51:53-03:00,Sat,16,1554.7800,bitsoalpha,1564.0154,eldoradop2p,9.2354,0.5940
2026-07-04T18:12:11-03:00,Sat,18,1553.7135,bitsoalpha,1562.7000,binance,8.9865,0.5784
2026-07-04T19:10:29-03:00,Sat,19,1551.4214,bitsoalpha,1562.9000,binance,11.4786,0.7399
2026-07-04T20:11:46-03:00,Sat,20,1553.3100,bitsoalpha,1562.6000,binance,9.2900,0.5981
2026-07-04T21:12:13-03:00,Sat,21,1556.1800,bitsoalpha,1562.5000,lemoncashp2p,6.3200,0.4061
2026-07-05T01:19:38-03:00,Sun,1,1556.6900,bitsoalpha,1562.6000,binance,5.9100,0.3797
2026-07-05T04:46:49-03:00,Sun,4,1558.2900,bitsoalpha,1562.9000,binance,4.6100,0.2958
2026-07-05T07:25:30-03:00,Sun,7,1558.0000,bitsoalpha,1563.4000,binance,5.4000,0.3466
2026-07-05T09:01:25-03:00,Sun,9,1556.5600,bitsoalpha,1565.3000,binance,8.7400,0.5615
2026-07-05T11:04:03-03:00,Sun,11,1556.0000,bitsoalpha,1564.4900,satoshitango,8.4900,0.5456
2026-07-05T12:34:11-03:00,Sun,12,1555.9553,bitsoalpha,1564.6274,binance,8.6721,0.5573
2026-07-05T13:39:44-03:00,Sun,13,1555.1900,bitsoalpha,1563.5284,binance,8.3384,0.5362
2026-07-05T14:43:08-03:00,Sun,14,1555.0501,bitsoalpha,1564.7000,binance,9.6499,0.6206
2026-07-05T16:40:03-03:00,Sun,16,1556.2100,bitsoalpha,1565.0322,lemoncashp2p,8.8222,0.5669
2026-07-05T17:39:58-03:00,Sun,17,1555.9900,bitsoalpha,1565.3000,binance,9.3100,0.5983
2026-07-05T18:39:09-03:00,Sun,18,1556.8900,bitsoalpha,1565.1136,binance,8.2236,0.5282
2026-07-05T19:37:01-03:00,Sun,19,1556.5100,bitsoalpha,1565.4000,binance,8.8900,0.5711
2026-07-05T20:41:32-03:00,Sun,20,1555.7045,bitsoalpha,1564.6994,binance,8.9949,0.5782
2026-07-05T22:22:32-03:00,Sun,22,1556.9553,bitsoalpha,1565.6000,binance,8.6447,0.5552
2026-07-06T03:09:03-03:00,Mon,3,1554.9586,bitsoalpha,1565.9000,binance,10.9414,0.7036
2026-07-06T07:59:19-03:00,Mon,7,1557.7137,bitsoalpha,1563.3839,binance,5.6702,0.3640
2026-07-06T11:34:33-03:00,Mon,11,1557.9675,ripioexchange,1570.1701,eldoradop2p,12.2026,0.7832
2026-07-06T14:23:58-03:00,Mon,14,1558.0000,bitgetp2p,1571.3403,eldoradop2p,13.3403,0.8562
2026-07-06T16:21:29-03:00,Mon,16,1555.0200,bitsoalpha,1568.9200,satoshitango,13.9000,0.8939
2026-07-06T18:13:26-03:00,Mon,18,1551.1000,ripioexchange,1563.1000,binance,12.0000,0.7736
2026-07-06T19:46:58-03:00,Mon,19,1554.9500,bitsoalpha,1565.7979,binance,10.8479,0.6976
2026-07-06T21:18:19-03:00,Mon,21,1554.6500,bitsoalpha,1570.4562,eldoradop2p,15.8062,1.0167
2026-07-07T01:36:42-03:00,Tue,1,1556.4200,bitsoalpha,1565.9000,binance,9.4800,0.6091
2026-07-07T05:01:38-03:00,Tue,5,1555.8500,bitsoalpha,1565.7924,binance,9.9424,0.6390
2026-07-07T08:17:49-03:00,Tue,8,1557.1800,bitsoalpha,1566.5000,binance,9.3200,0.5985
2026-07-07T10:50:53-03:00,Tue,10,1560.7661,bybitp2p,1566.9000,binance,6.1339,0.3930
2026-07-07T13:40:49-03:00,Tue,13,1561.1000,bitsoalpha,1569.5990,binance,8.4990,0.5444
2026-07-07T15:35:24-03:00,Tue,15,1563.5915,ripioexchange,1572.3000,binance,8.7085,0.5570
2026-07-07T17:30:23-03:00,Tue,17,1560.9367,lemoncashp2p,1574.6000,binance,13.6633,0.8753
2026-07-07T18:59:27-03:00,Tue,18,1556.0005,lemoncashp2p,1572.9000,binance,16.8995,1.0861
2026-07-07T20:13:06-03:00,Tue,20,1560.5146,lemoncashp2p,1573.8947,binance,13.3801,0.8574
2026-07-07T21:11:10-03:00,Tue,21,1559.7180,lemoncashp2p,1572.7872,eldoradop2p,13.0692,0.8379
2026-07-08T00:42:25-03:00,Wed,0,1560.7323,lemoncashp2p,1570.7449,binance,10.0126,0.6415
2026-07-08T03:15:19-03:00,Wed,3,1560.8313,lemoncashp2p,1570.9000,binance,10.0687,0.6451
2026-07-08T06:10:42-03:00,Wed,6,1561.7052,lemoncashp2p,1572.5000,binance,10.7948,0.6912
2026-07-08T08:15:55-03:00,Wed,8,1561.7052,lemoncashp2p,1574.0000,binance,12.2948,0.7873
2026-07-08T10:13:55-03:00,Wed,10,1561.8020,lemoncashp2p,1573.4672,binance,11.6652,0.7469
2026-07-08T12:52:53-03:00,Wed,12,1564.2650,ripioexchange,1569.8000,binance,5.5350,0.3538
2026-07-08T14:50:04-03:00,Wed,14,1563.0000,bybitp2p,1569.9000,binance,6.9000,0.4415
2026-07-08T16:51:49-03:00,Wed,16,1492.4000,ripioexchange,1568.3000,binance,75.9000,5.0858
2026-07-08T18:20:50-03:00,Wed,18,1557.0482,bitsoalpha,1569.6000,binance,12.5518,0.8061
2026-07-08T19:40:08-03:00,Wed,19,1556.6318,bitsoalpha,1569.1500,satoshitango,12.5182,0.8042
2026-07-08T20:43:35-03:00,Wed,20,1557.7002,bitsoalpha,1569.0000,binance,11.2998,0.7254
2026-07-09T01:09:52-03:00,Thu,1,1558.2152,lemoncashp2p,1570.5000,binance,12.2848,0.7884
2026-07-09T04:52:14-03:00,Thu,4,1558.7936,saldo,1571.1000,binance,12.3064,0.7895
2026-07-09T08:26:32-03:00,Thu,8,1555.6685,saldo,1571.2000,binance,15.5315,0.9984
2026-07-09T11:12:52-03:00,Thu,11,1564.9600,bybitp2p,1572.0000,binance,7.0400,0.4499
2026-07-09T13:40:53-03:00,Thu,13,1563.3700,bitsoalpha,1572.0600,satoshitango,8.6900,0.5559
2026-07-09T15:25:24-03:00,Thu,15,1566.4000,bitgetp2p,1574.4400,satoshitango,8.0400,0.5133
2026-07-09T17:27:43-03:00,Thu,17,1564.9953,ripioexchange,1574.4947,eldoradop2p,9.4994,0.6070
2026-07-09T19:07:00-03:00,Thu,19,1469.9900,okexp2p,1571.8000,binance,101.8100,6.9259
2026-07-09T20:33:58-03:00,Thu,20,1564.7400,bitsoalpha,1572.3000,binance,7.5600,0.4831
2026-07-09T22:13:17-03:00,Thu,22,1563.9300,bitsoalpha,1571.7654,binance,7.8354,0.5010
2026-07-10T02:44:51-03:00,Fri,2,1564.9200,bitsoalpha,1573.5000,binance,8.5800,0.5483
2026-07-10T06:51:07-03:00,Fri,6,1564.5400,bitsoalpha,1573.3000,binance,8.7600,0.5599
2026-07-10T09:35:37-03:00,Fri,9,1565.4437,bitsoalpha,1620.0000,bybitp2p,54.5563,3.4850
2026-07-10T12:17:45-03:00,Fri,12,1566.7753,bitsoalpha,1571.3000,binance,4.5247,0.2888
2026-07-10T14:24:10-03:00,Fri,14,1555.0000,lemoncashp2p,1568.9000,binance,13.9000,0.8939
2026-07-10T16:07:15-03:00,Fri,16,1560.0892,saldo,1570.0000,binance,9.9108,0.6353
2026-07-10T17:40:47-03:00,Fri,17,1560.0249,saldo,1569.0000,satoshitango,8.9751,0.5753
2026-07-10T18:40:31-03:00,Fri,18,1557.7334,saldo,1569.0000,binance,11.2666,0.7233
2026-07-10T19:38:57-03:00,Fri,19,1560.1800,bitsoalpha,1570.8000,binance,10.6200,0.6807
2026-07-10T20:35:59-03:00,Fri,20,1560.8253,bitsoalpha,1569.9000,binance,9.0747,0.5814
2026-07-10T22:05:06-03:00,Fri,22,1561.3900,bitsoalpha,1569.3290,binance,7.9390,0.5085
2026-07-11T01:24:44-03:00,Sat,1,1561.6300,bitsoalpha,1570.1000,binance,8.4700,0.5424
2026-07-11T03:57:33-03:00,Sat,3,1560.8101,bitsoalpha,1569.6500,satoshitango,8.8399,0.5664
2026-07-11T05:57:21-03:00,Sat,5,1562.7200,bitsoalpha,1569.6000,binance,6.8800,0.4403
2026-07-11T07:32:03-03:00,Sat,7,1562.9202,bitsoalpha,1570.8000,binance,7.8798,0.5042
2026-07-11T08:34:03-03:00,Sat,8,1563.9054,bitsoalpha,1571.6000,binance,7.6946,0.4920
2026-07-11T09:37:17-03:00,Sat,9,1564.1300,bitsoalpha,1572.3596,binance,8.2296,0.5261
2026-07-11T11:07:17-03:00,Sat,11,1562.4294,bitsoalpha,1574.4300,satoshitango,12.0006,0.7681
2026-07-11T12:11:41-03:00,Sat,12,1562.2900,bitsoalpha,1575.4800,satoshitango,13.1900,0.8443
2026-07-11T13:09:29-03:00,Sat,13,1562.3500,bitsoalpha,1578.2400,satoshitango,15.8900,1.0171
2026-07-11T14:13:17-03:00,Sat,14,1564.7412,bitsoalpha,1578.0300,satoshitango,13.2888,0.8493
2026-07-11T15:32:10-03:00,Sat,15,1565.6300,bitsoalpha,1574.4900,satoshitango,8.8600,0.5659
2026-07-11T16:49:21-03:00,Sat,16,1564.4000,bitsoalpha,1575.6100,satoshitango,11.2100,0.7166
2026-07-11T18:01:58-03:00,Sat,18,1565.9401,bitsoalpha,1574.5700,satoshitango,8.6299,0.5511
2026-07-11T19:03:28-03:00,Sat,19,1566.8105,bitsoalpha,1571.0900,satoshitango,4.2795,0.2731
2026-07-11T20:06:19-03:00,Sat,20,1565.7404,bitsoalpha,1572.1500,satoshitango,6.4096,0.4094
2026-07-11T21:07:02-03:00,Sat,21,1567.7500,bitsoalpha,1572.1400,satoshitango,4.3900,0.2800
2026-07-12T00:51:17-03:00,Sun,0,1567.1100,bitsoalpha,1572.3100,satoshitango,5.2000,0.3318
2026-07-12T03:44:25-03:00,Sun,3,1566.7757,bitsoalpha,1572.2800,satoshitango,5.5043,0.3513
2026-07-12T06:12:21-03:00,Sun,6,1567.9700,bitsoalpha,1573.0000,bybitp2p,5.0300,0.3208
2026-07-12T07:41:57-03:00,Sun,7,1567.9214,bitsoalpha,1573.2000,binance,5.2786,0.3367
2026-07-12T08:43:19-03:00,Sun,8,1567.7500,bitsoalpha,1573.2000,binance,5.4500,0.3476
2026-07-12T10:51:32-03:00,Sun,10,1566.3158,bitsoalpha,1572.6500,satoshitango,6.3342,0.4044
2026-07-12T12:11:52-03:00,Sun,12,1565.9125,bitsoalpha,1575.0100,bitgetp2p,9.0975,0.5810
2026-07-12T13:10:34-03:00,Sun,13,1565.4527,bitsoalpha,1571.9000,binance,6.4473,0.4118
2026-07-12T14:15:15-03:00,Sun,14,1564.1300,bitsoalpha,1570.5661,binance,6.4361,0.4115
2026-07-12T15:32:41-03:00,Sun,15,1563.5200,bitsoalpha,1570.2500,eldoradop2p,6.7300,0.4304
2026-07-12T16:46:58-03:00,Sun,16,1564.4600,bitsoalpha,1571.5905,eldoradop2p,7.1305,0.4558
2026-07-12T18:03:17-03:00,Sun,18,1564.4710,bitsoalpha,1569.1000,bitgetp2p,4.6290,0.2959
2026-07-12T19:04:09-03:00,Sun,19,1563.1400,bitsoalpha,1569.2100,okexp2p,6.0700,0.3883
2026-07-12T20:05:32-03:00,Sun,20,1564.6200,bitsoalpha,1570.9000,binance,6.2800,0.4014
2026-07-12T21:07:39-03:00,Sun,21,1565.6200,bitsoalpha,1570.9000,binance,5.2800,0.3372
2026-07-13T00:54:20-03:00,Mon,0,1564.3464,bitsoalpha,1570.2000,binance,5.8536,0.3742
2026-07-13T04:34:03-03:00,Mon,4,1563.4800,bitsoalpha,1570.2000,binance,6.7200,0.4298
2026-07-13T07:41:25-03:00,Mon,7,1563.6600,bitsoalpha,1568.9000,binance,5.2400,0.3351
2026-07-13T10:03:15-03:00,Mon,10,1559.9300,bitsoalpha,1568.8756,binance,8.9456,0.5735
2026-07-13T12:49:59-03:00,Mon,12,1555.1354,saldo,1569.2400,satoshitango,14.1046,0.9070
2026-07-13T15:04:21-03:00,Mon,15,1564.8680,bybitp2p,1569.3000,binance,4.4320,0.2832
2026-07-13T16:44:43-03:00,Mon,16,1558.0213,bitsoalpha,1569.6200,satoshitango,11.5987,0.7445
2026-07-13T18:10:37-03:00,Mon,18,1556.9915,bitsoalpha,1568.6000,bingxp2p,11.6085,0.7456
2026-07-13T19:07:54-03:00,Mon,19,1557.8015,ripioexchange,1568.5000,binance,10.6985,0.6868
2026-07-13T20:09:01-03:00,Mon,20,1556.8300,bitsoalpha,1568.2000,binance,11.3700,0.7303
2026-07-13T21:04:11-03:00,Mon,21,1560.4100,bitsoalpha,1568.8000,binance,8.3900,0.5377
2026-07-14T00:28:36-03:00,Tue,0,1561.0000,ripioexchange,1569.9000,binance,8.9000,0.5701
2026-07-14T02:55:21-03:00,Tue,2,1560.8870,ripioexchange,1569.2000,binance,8.3130,0.5326
2026-07-14T05:25:55-03:00,Tue,5,1560.4000,ripioexchange,1568.7000,binance,8.3000,0.5319
2026-07-14T07:22:10-03:00,Tue,7,1560.9383,ripioexchange,1569.9000,binance,8.9617,0.5741
2026-07-14T08:59:59-03:00,Tue,8,1560.8927,ripioexchange,1569.6000,binance,8.7073,0.5578
2026-07-14T11:09:20-03:00,Tue,11,1558.9907,bitsoalpha,1562.5700,satoshitango,3.5793,0.2296
2026-07-14T12:42:42-03:00,Tue,12,1555.8500,bitsoalpha,1560.6300,satoshitango,4.7800,0.3072
2026-07-14T13:50:42-03:00,Tue,13,1555.0000,bitgetp2p,1561.3400,satoshitango,6.3400,0.4077
2026-07-14T15:15:12-03:00,Tue,15,1556.4500,bitsoalpha,1561.3700,satoshitango,4.9200,0.3161
2026-07-14T16:53:51-03:00,Tue,16,1554.0000,bybitp2p,1561.0827,binance,7.0827,0.4558
2026-07-14T18:12:18-03:00,Tue,18,1555.2849,bitsoalpha,1561.5000,binance,6.2151,0.3996
2026-07-14T19:11:56-03:00,Tue,19,1556.0000,bybitp2p,1560.6600,satoshitango,4.6600,0.2995
2026-07-14T20:10:14-03:00,Tue,20,1555.2700,bitsoalpha,1559.0760,binance,3.8060,0.2447
2026-07-14T21:03:32-03:00,Tue,21,1554.7909,bitsoalpha,1560.2000,binance,5.4091,0.3479
2026-07-15T00:28:09-03:00,Wed,0,1554.9000,bitsoalpha,1559.9200,satoshitango,5.0200,0.3229
2026-07-15T02:57:16-03:00,Wed,2,1557.0700,bitsoalpha,1560.3200,satoshitango,3.2500,0.2087
2026-07-15T05:32:40-03:00,Wed,5,1555.4457,bitsoalpha,1560.4600,satoshitango,5.0143,0.3224
2026-07-15T07:26:15-03:00,Wed,7,1554.5325,bitsoalpha,1558.9000,binance,4.3675,0.2810
2026-07-15T09:04:41-03:00,Wed,9,1554.0000,bybitp2p,1561.0500,satoshitango,7.0500,0.4537
2026-07-15T11:06:02-03:00,Wed,11,1553.4900,bitsoalpha,1556.1000,binance,2.6100,0.1680
2026-07-15T12:45:04-03:00,Wed,12,1554.9900,bybitp2p,1560.9800,satoshitango,5.9900,0.3852
2026-07-15T14:35:32-03:00,Wed,14,1557.0000,bitgetp2p,1564.8700,satoshitango,7.8700,0.5055
2026-07-15T15:42:41-03:00,Wed,15,1553.2000,binance,1564.1500,satoshitango,10.9500,0.7050
2026-07-15T16:51:03-03:00,Wed,16,1562.2787,okexp2p,1565.7200,satoshitango,3.4413,0.2203
2026-07-15T18:12:27-03:00,Wed,18,1562.1209,binance,1564.3800,satoshitango,2.2591,0.1446
2026-07-15T19:11:50-03:00,Wed,19,1560.2320,bitsoalpha,1564.3700,satoshitango,4.1380,0.2652
2026-07-15T20:11:33-03:00,Wed,20,1559.0000,bybitp2p,1564.6100,satoshitango,5.6100,0.3598
2026-07-15T21:08:50-03:00,Wed,21,1559.0000,bybitp2p,1564.8200,satoshitango,5.8200,0.3733
2026-07-16T00:32:35-03:00,Thu,0,1559.0378,saldo,1567.9181,binance,8.8803,0.5696
2026-07-16T03:02:09-03:00,Thu,3,1557.6897,saldo,1567.7000,binance,10.0103,0.6426
2026-07-16T05:30:24-03:00,Thu,5,1555.9849,saldo,1567.7000,binance,11.7151,0.7529
2026-07-16T07:31:54-03:00,Thu,7,1558.0000,bybitp2p,1562.4100,satoshitango,4.4100,0.2831
2026-07-16T09:06:49-03:00,Thu,9,1557.7586,saldo,1563.9400,satoshitango,6.1814,0.3968
2026-07-16T11:17:41-03:00,Thu,11,1560.0170,bitsoalpha,1563.4900,satoshitango,3.4730,0.2226
2026-07-16T13:01:36-03:00,Thu,13,1558.7402,saldo,1563.8800,satoshitango,5.1398,0.3297
2026-07-16T14:37:16-03:00,Thu,14,1540.0000,lemoncashp2p,1564.9200,satoshitango,24.9200,1.6182
2026-07-16T15:44:40-03:00,Thu,15,1558.0000,bybitp2p,1565.8000,binance,7.8000,0.5006
2026-07-16T17:09:34-03:00,Thu,17,1555.8501,bitsoalpha,1566.8000,satoshitango,10.9499,0.7038
2026-07-16T18:13:50-03:00,Thu,18,1556.5200,bitsoalpha,1566.2445,binance,9.7245,0.6248
2026-07-16T19:34:36-03:00,Thu,19,1495.1439,eldoradop2p,1567.3000,binance,72.1561,4.8260
2026-07-16T20:33:39-03:00,Thu,20,1556.7900,bitsoalpha,1567.3000,binance,10.5100,0.6751
2026-07-16T22:08:24-03:00,Thu,22,1540.0000,lemoncashp2p,1564.9200,satoshitango,24.9200,1.6182
2026-07-17T01:20:24-03:00,Fri,1,1540.0000,lemoncashp2p,1564.9200,satoshitango,24.9200,1.6182
2026-07-17T04:00:57-03:00,Fri,4,1495.1439,eldoradop2p,1567.3000,binance,72.1561,4.8260
2026-07-17T06:18:52-03:00,Fri,6,1556.7900,bitsoalpha,1567.3000,binance,10.5100,0.6751
2026-07-17T09:19:12-03:00,Fri,9,1557.7586,saldo,1563.9400,satoshitango,6.1814,0.3968
2026-07-17T11:15:05-03:00,Fri,11,1540.0000,lemoncashp2p,1564.9200,satoshitango,24.9200,1.6182
2026-07-17T13:01:10-03:00,Fri,13,1561.9421,saldo,1573.1900,satoshitango,11.2479,0.7201
2026-07-17T14:21:21-03:00,Fri,14,1564.8485,okexp2p,1569.4200,bitsoalpha,4.5715,0.2921
2026-07-17T15:38:56-03:00,Fri,15,1565.0000,okexp2p,1573.8400,satoshitango,8.8400,0.5649
2026-07-17T16:43:56-03:00,Fri,16,1566.2067,kucoinp2p,1572.8700,satoshitango,6.6633,0.4254
2026-07-17T18:05:27-03:00,Fri,18,1564.8000,kucoinp2p,1574.1000,binance,9.3000,0.5943
2026-07-17T19:03:53-03:00,Fri,19,1561.9887,saldo,1572.8600,satoshitango,10.8713,0.6960
2026-07-17T20:04:31-03:00,Fri,20,1563.1755,saldo,1573.7000,binance,10.5245,0.6733
2026-07-17T21:05:37-03:00,Fri,21,1564.3400,bitsoalpha,1573.4666,binance,9.1266,0.5834
2026-07-18T00:26:10-03:00,Sat,0,1566.2067,kucoinp2p,1577.0400,bitgetp2p,10.8333,0.6917
2026-07-18T02:50:49-03:00,Sat,2,1566.5633,kucoinp2p,1576.8000,binance,10.2367,0.6534
2026-07-18T05:05:53-03:00,Sat,5,1562.9738,saldo,1576.8000,binance,13.8262,0.8846
2026-07-18T06:42:56-03:00,Sat,6,1562.9078,saldo,1576.7000,binance,13.7922,0.8825
2026-07-18T07:48:48-03:00,Sat,7,1563.9196,saldo,1576.7000,binance,12.7804,0.8172
2026-07-18T09:01:50-03:00,Sat,9,1565.7987,saldo,1576.8000,binance,11.0013,0.7026
2026-07-18T10:44:11-03:00,Sat,10,1570.2853,bitsoalpha,1575.9522,binance,5.6669,0.3609
2026-07-18T12:10:21-03:00,Sat,12,1568.8000,bitsoalpha,1576.3947,binance,7.5947,0.4841
2026-07-18T13:08:45-03:00,Sat,13,1570.4203,saldo,1574.8700,satoshitango,4.4497,0.2833
2026-07-18T14:11:01-03:00,Sat,14,1569.7271,saldo,1575.9400,satoshitango,6.2129,0.3958
2026-07-18T15:06:07-03:00,Sat,15,1571.1600,wallbit,1574.9300,satoshitango,3.7700,0.2400
2026-07-18T16:20:36-03:00,Sat,16,1570.0600,wallbit,1575.6500,satoshitango,5.5900,0.3560
2026-07-18T17:25:12-03:00,Sat,17,1570.1300,bitsoalpha,1577.6000,binance,7.4700,0.4758
2026-07-18T18:31:09-03:00,Sat,18,1570.4520,bitsoalpha,1574.8000,binance,4.3480,0.2769
2026-07-18T19:29:22-03:00,Sat,19,1569.0641,bitsoalpha,1577.7772,binance,8.7131,0.5553
2026-07-18T20:33:31-03:00,Sat,20,1569.7908,bitsoalpha,1576.3576,binance,6.5668,0.4183
2026-07-18T22:08:09-03:00,Sat,22,1567.1500,bitsoalpha,1574.2000,bybitp2p,7.0500,0.4499
2026-07-19T01:31:20-03:00,Sun,1,1572.2500,bitsoalpha,1577.8892,binance,5.6392,0.3587
2026-07-19T04:12:23-03:00,Sun,4,1569.4750,bitsoalpha,1576.5000,binance,7.0250,0.4476
2026-07-19T06:16:10-03:00,Sun,6,1569.5884,bitsoalpha,1573.2588,binance,3.6704,0.2338
2026-07-19T07:58:37-03:00,Sun,7,1568.2300,bitsoalpha,1574.5043,binance,6.2743,0.4001
2026-07-19T09:05:14-03:00,Sun,9,1569.1017,bitsoalpha,1574.6000,binance,5.4983,0.3504
2026-07-19T10:48:06-03:00,Sun,10,1570.7753,bitsoalpha,1574.0905,binance,3.3152,0.2111
2026-07-19T12:11:16-03:00,Sun,12,1569.6600,wallbit,1572.8876,binance,3.2276,0.2056
2026-07-19T13:08:43-03:00,Sun,13,1569.6600,wallbit,1572.7100,okexp2p,3.0500,0.1943
2026-07-19T14:12:27-03:00,Sun,14,1569.6249,bitsoalpha,1573.6000,binance,3.9751,0.2533
2026-07-19T15:07:26-03:00,Sun,15,1567.0200,bitsoalpha,1574.2000,binance,7.1800,0.4582
2026-07-19T16:22:15-03:00,Sun,16,1567.9300,bitsoalpha,1574.9000,binance,6.9700,0.4445
2026-07-19T17:26:53-03:00,Sun,17,1567.5700,bitsoalpha,1574.9000,binance,7.3300,0.4676
2026-07-19T18:31:20-03:00,Sun,18,1568.0800,bitsoalpha,1572.9391,binance,4.8591,0.3099
2026-07-19T19:30:50-03:00,Sun,19,1568.8700,bitsoalpha,1573.8000,binance,4.9300,0.3142
2026-07-19T20:36:14-03:00,Sun,20,1571.3600,wallbit,1574.8000,binance,3.4400,0.2189
2026-07-19T22:10:28-03:00,Sun,22,1572.4500,wallbit,1575.7000,binance,3.2500,0.2067
2026-07-20T01:50:06-03:00,Mon,1,1570.6600,wallbit,1575.0000,bybitp2p,4.3400,0.2763
2026-07-20T05:16:08-03:00,Mon,5,1569.0400,bitsoalpha,1574.1567,binance,5.1167,0.3261
2026-07-20T08:26:03-03:00,Mon,8,1569.1646,bitsoalpha,1574.0000,binance,4.8354,0.3082
2026-07-20T10:28:56-03:00,Mon,10,1569.0900,bitsoalpha,1574.8500,satoshitango,5.7600,0.3671
2026-07-20T12:31:24-03:00,Mon,12,1567.2700,wallbit,1575.8700,satoshitango,8.6000,0.5487
2026-07-20T14:06:20-03:00,Mon,14,1566.7700,wallbit,1573.7000,ripioexchange,6.9300,0.4423
2026-07-20T16:04:59-03:00,Mon,16,1569.2600,wallbit,1575.0445,bitsoalpha,5.7845,0.3686
2026-07-20T17:38:18-03:00,Mon,17,1570.5600,wallbit,1573.9000,binance,3.3400,0.2127
2026-07-20T18:47:13-03:00,Mon,18,1568.6599,bitsoalpha,1573.1000,binance,4.4401,0.2831
2026-07-20T20:12:16-03:00,Mon,20,1569.8000,bitsoalpha,1574.5000,binance,4.7000,0.2994
2026-07-20T21:07:57-03:00,Mon,21,1570.0742,bitsoalpha,1574.5370,binance,4.4628,0.2842
2026-07-21T00:39:16-03:00,Tue,0,1570.8300,bitsoalpha,1576.2000,binance,5.3700,0.3419
2026-07-21T03:15:22-03:00,Tue,3,1571.2100,bitsoalpha,1575.2433,binance,4.0333,0.2567
2026-07-21T06:14:11-03:00,Tue,6,1571.4600,wallbit,1574.6887,binance,3.2287,0.2055
2026-07-21T08:27:04-03:00,Tue,8,1571.8600,wallbit,1576.1000,ripioexchange,4.2400,0.2697
2026-07-21T10:03:16-03:00,Tue,10,1573.7500,wallbit,1577.1000,binance,3.3500,0.2129
2026-07-21T12:15:19-03:00,Tue,12,1572.5000,bitsoalpha,1575.2800,satoshitango,2.7800,0.1768
2026-07-21T13:59:15-03:00,Tue,13,1569.5025,bitsoalpha,1572.9000,binance,3.3975,0.2165
2026-07-21T15:38:05-03:00,Tue,15,1570.3900,bitsoalpha,1571.9800,satoshitango,1.5900,0.1012
2026-07-21T17:04:47-03:00,Tue,17,1568.5100,bitsoalpha,1572.9964,binance,4.4864,0.2860
2026-07-21T18:30:45-03:00,Tue,18,1570.2800,bitsoalpha,1579.4500,satoshitango,9.1700,0.5840
2026-07-21T19:32:36-03:00,Tue,19,1570.5000,bybitp2p,1579.2000,satoshitango,8.7000,0.5540
2026-07-21T20:37:06-03:00,Tue,20,1568.9295,lemoncashp2p,1575.2000,binance,6.2705,0.3997
2026-07-21T22:03:36-03:00,Tue,22,1568.9295,lemoncashp2p,1575.2000,binance,6.2705,0.3997
2026-07-22T01:29:45-03:00,Wed,1,1570.5000,bybitp2p,1579.2000,satoshitango,8.7000,0.5540
2026-07-22T04:17:56-03:00,Wed,4,1571.8600,wallbit,1576.1000,ripioexchange,4.2400,0.2697
2026-07-22T07:04:41-03:00,Wed,7,1571.8600,wallbit,1576.1000,ripioexchange,4.2400,0.2697
2026-07-22T09:00:57-03:00,Wed,9,1571.8600,wallbit,1576.1000,ripioexchange,4.2400,0.2697
2026-07-22T11:19:02-03:00,Wed,11,1568.0000,bitsoalpha,1578.3100,satoshitango,10.3100,0.6575
2026-07-22T13:06:08-03:00,Wed,13,1571.9400,bitsoalpha,1578.0400,satoshitango,6.1000,0.3881
2026-07-22T14:38:22-03:00,Wed,14,1571.0600,bitsoalpha,1578.8700,satoshitango,7.8100,0.4971
2026-07-22T15:45:27-03:00,Wed,15,1571.0800,bitsoalpha,1577.4200,satoshitango,6.3400,0.4035
2026-07-22T17:19:31-03:00,Wed,17,1572.8301,bitsoalpha,1577.4000,binance,4.5699,0.2906
2026-07-22T18:41:29-03:00,Wed,18,1573.9000,bitgetp2p,1576.8900,satoshitango,2.9900,0.1900
2026-07-22T19:40:10-03:00,Wed,19,1573.9000,bitgetp2p,1630.4700,bybitp2p,56.5700,3.5943
2026-07-22T20:38:36-03:00,Wed,20,1574.2000,binance,1574.2700,bitsoalpha,0.0700,0.0044
2026-07-22T22:09:10-03:00,Wed,22,1575.1000,binance,1575.1287,bitsoalpha,0.0287,0.0018
2026-07-23T01:29:52-03:00,Thu,1,1575.1800,bitsoalpha,1575.9000,binance,0.7200,0.0457
2026-07-23T04:14:51-03:00,Thu,4,1575.8547,binance,1577.3800,bitsoalpha,1.5253,0.0968
2026-07-23T07:03:14-03:00,Thu,7,1576.1000,binance,1581.0000,bitsoalpha,4.9000,0.3109
2026-07-23T09:00:22-03:00,Thu,9,1574.0000,bybitp2p,1578.0686,bitsoalpha,4.0686,0.2585
2026-07-23T11:27:15-03:00,Thu,11,1576.5500,bybitp2p,1581.0300,satoshitango,4.4800,0.2842
2026-07-23T13:12:30-03:00,Thu,13,1576.6279,binance,1583.5100,satoshitango,6.8821,0.4365
2026-07-23T14:45:16-03:00,Thu,14,1574.9814,bitsoalpha,1584.0700,satoshitango,9.0886,0.5771
2026-07-23T16:41:36-03:00,Thu,16,1578.0831,lemoncashp2p,1585.0300,satoshitango,6.9469,0.4402
2026-07-23T17:41:06-03:00,Thu,17,1577.2645,bybitp2p,1584.8400,satoshitango,7.5755,0.4803
2026-07-23T18:41:15-03:00,Thu,18,1576.1400,bitsoalpha,1585.0000,satoshitango,8.8600,0.5621
2026-07-23T19:37:15-03:00,Thu,19,1576.5500,bitsoalpha,1584.9400,satoshitango,8.3900,0.5322
2026-07-23T20:33:45-03:00,Thu,20,1579.0700,bitsoalpha,1583.5000,binance,4.4300,0.2805
2026-07-23T22:04:04-03:00,Thu,22,1579.3900,bitsoalpha,1583.5000,binance,4.1100,0.2602
2026-07-24T01:27:54-03:00,Fri,1,1579.2900,bitsoalpha,1585.0000,bybitp2p,5.7100,0.3616
2026-07-24T04:15:13-03:00,Fri,4,1579.0300,bitsoalpha,1584.1000,binance,5.0700,0.3211
2026-07-24T06:58:58-03:00,Fri,6,1580.4482,bitsoalpha,1582.0000,bybitp2p,1.5518,0.0982
2026-07-24T08:53:34-03:00,Fri,8,1579.0700,bitsoalpha,1582.5000,binance,3.4300,0.2172
2026-07-24T11:07:57-03:00,Fri,11,1578.0000,bitsoalpha,1581.0000,bybitp2p,3.0000,0.1901
2026-07-24T12:41:50-03:00,Fri,12,1583.9000,bitgetp2p,1588.4000,binance,4.5000,0.2841
2026-07-24T14:11:28-03:00,Fri,14,1584.1850,okexp2p,1594.6000,binance,10.4150,0.6574
2026-07-24T15:44:59-03:00,Fri,15,1583.5000,ripioexchange,1595.7000,binance,12.2000,0.7704
2026-07-24T17:38:34-03:00,Fri,17,1585.2019,lemoncashp2p,1594.0000,binance,8.7981,0.5550
2026-07-24T18:42:13-03:00,Fri,18,1585.7108,lemoncashp2p,1594.7000,binance,8.9892,0.5669
2026-07-24T19:42:18-03:00,Fri,19,1581.0500,lemoncashp2p,1594.3425,binance,13.2925,0.8407
2026-07-24T20:43:11-03:00,Fri,20,1581.8420,lemoncashp2p,1594.9000,binance,13.0580,0.8255
2026-07-24T22:10:25-03:00,Fri,22,1590.0000,kucoinp2p,1595.8000,binance,5.8000,0.3648
2026-07-25T01:26:28-03:00,Sat,1,1589.0618,lemoncashp2p,1596.6000,binance,7.5382,0.4744
2026-07-25T04:00:07-03:00,Sat,4,1593.6153,bitsoalpha,1594.6000,bybitp2p,0.9847,0.0618
2026-07-25T06:08:50-03:00,Sat,6,1593.0000,kucoinp2p,1596.9000,binance,3.9000,0.2448
2026-07-25T07:41:43-03:00,Sat,7,1593.0000,kucoinp2p,1596.9000,binance,3.9000,0.2448
2026-07-25T08:47:55-03:00,Sat,8,1592.9912,lemoncashp2p,1596.5296,binance,3.5384,0.2221
2026-07-25T10:58:21-03:00,Sat,10,1593.8700,bitsoalpha,1596.4000,binance,2.5300,0.1587
2026-07-25T12:16:51-03:00,Sat,12,1593.0058,bitsoalpha,1597.0000,bybitp2p,3.9942,0.2507
2026-07-25T13:29:57-03:00,Sat,13,1591.1900,bitsoalpha,1597.2972,binance,6.1072,0.3838
2026-07-25T14:38:14-03:00,Sat,14,1591.3200,bitsoalpha,1596.9000,binance,5.5800,0.3507
2026-07-25T15:34:42-03:00,Sat,15,1591.2600,bitsoalpha,1597.4000,binance,6.1400,0.3859
2026-07-25T16:51:12-03:00,Sat,16,1591.2301,bitsoalpha,1597.4000,binance,6.1699,0.3877
2026-07-25T18:06:14-03:00,Sat,18,1591.8000,bitsoalpha,1596.9852,binance,5.1852,0.3257
2026-07-25T19:06:41-03:00,Sat,19,1592.3100,bitsoalpha,1597.4000,binance,5.0900,0.3197
2026-07-25T20:08:06-03:00,Sat,20,1585.0000,lemoncashp2p,1597.4000,binance,12.4000,0.7823
2026-07-25T21:09:59-03:00,Sat,21,1595.3035,ripioexchange,1597.4000,binance,2.0965,0.1314
2026-07-26T00:52:24-03:00,Sun,0,1596.9246,okexp2p,1599.0000,bybitp2p,2.0754,0.1300
2026-07-26T03:46:10-03:00,Sun,3,1593.0000,kucoinp2p,1599.0000,bybitp2p,6.0000,0.3766
2026-07-26T06:21:32-03:00,Sun,6,1592.6300,bitsoalpha,1597.1000,binance,4.4700,0.2807
2026-07-26T08:06:50-03:00,Sun,8,1593.9953,bitsoalpha,1596.9934,binance,2.9981,0.1881
2026-07-26T09:13:30-03:00,Sun,9,1594.3953,bitsoalpha,1597.0000,binance,2.6047,0.1634
2026-07-26T11:12:08-03:00,Sun,11,1592.1314,bitsoalpha,1596.8356,binance,4.7042,0.2955
2026-07-26T12:20:31-03:00,Sun,12,1594.2200,bitsoalpha,1597.0000,binance,2.7800,0.1744
2026-07-26T13:33:03-03:00,Sun,13,1595.3200,bitsoalpha,1597.0000,binance,1.6800,0.1053
2026-07-26T14:39:55-03:00,Sun,14,1594.7701,bitsoalpha,1597.0000,binance,2.2299,0.1398
2026-07-26T15:39:57-03:00,Sun,15,1593.2100,bitsoalpha,1596.5000,binance,3.2900,0.2065
2026-07-26T16:50:56-03:00,Sun,16,1593.6800,bitsoalpha,1596.8000,binance,3.1200,0.1958
2026-07-26T18:09:17-03:00,Sun,18,1592.5900,bitsoalpha,1597.5000,binance,4.9100,0.3083
2026-07-26T19:09:57-03:00,Sun,19,1592.5700,bitsoalpha,1597.8000,binance,5.2300,0.3284
2026-07-26T20:10:03-03:00,Sun,20,1591.8500,bitsoalpha,1597.6000,binance,5.7500,0.3612
2026-07-26T21:10:39-03:00,Sun,21,1591.8700,bitsoalpha,1597.5820,binance,5.7120,0.3588
2026-07-27T00:59:53-03:00,Mon,0,1590.4946,bitsoalpha,1596.8000,binance,6.3054,0.3964
2026-07-27T04:46:33-03:00,Mon,4,1590.4142,bitsoalpha,1597.6000,binance,7.1858,0.4518
2026-07-27T08:35:47-03:00,Mon,8,1591.0853,bitsoalpha,1597.6000,binance,6.5147,0.4095
2026-07-27T10:56:19-03:00,Mon,10,1592.5557,bitsoalpha,1595.1000,binance,2.5443,0.1598
2026-07-27T13:32:21-03:00,Mon,13,1595.1400,bitsoalpha,1599.6600,satoshitango,4.5200,0.2834
2026-07-27T15:10:40-03:00,Mon,15,1592.0800,bitsoalpha,1599.0100,satoshitango,6.9300,0.4353
2026-07-27T16:52:55-03:00,Mon,16,1593.4900,bitsoalpha,1601.6865,binance,8.1965,0.5144
2026-07-27T18:21:24-03:00,Mon,18,1592.7500,bitsoalpha,1602.6883,binance,9.9383,0.6240
2026-07-27T19:38:42-03:00,Mon,19,1591.7998,bitsoalpha,1604.2831,binance,12.4833,0.7842
2026-07-27T20:41:42-03:00,Mon,20,1596.5000,bybitp2p,1609.1000,binance,12.6000,0.7892
2026-07-27T22:02:36-03:00,Mon,22,1596.7659,bybitp2p,1606.5000,binance,9.7341,0.6096
2026-07-28T01:23:33-03:00,Tue,1,1597.2700,peanut,1612.8000,binance,15.5300,0.9723
2026-07-28T04:21:42-03:00,Tue,4,1597.2700,peanut,1612.5586,binance,15.2886,0.9572
2026-07-28T07:13:12-03:00,Tue,7,1596.7910,bitsoalpha,1607.9000,binance,11.1090,0.6957
2026-07-28T09:13:24-03:00,Tue,9,1596.5726,bitsoalpha,1610.5000,binance,13.9274,0.8723
2026-07-28T12:03:17-03:00,Tue,12,1590.0000,lemoncashp2p,1602.4000,binance,12.4000,0.7799
2026-07-28T13:48:16-03:00,Tue,13,1597.2700,peanut,1602.9824,satoshitango,5.7124,0.3576
2026-07-28T15:40:54-03:00,Tue,15,1597.2700,peanut,1601.4120,binance,4.1420,0.2593
2026-07-28T17:05:05-03:00,Tue,17,1595.2542,bitsoalpha,1600.7802,satoshitango,5.5260,0.3464
2026-07-28T18:19:11-03:00,Tue,18,1593.1700,bitsoalpha,1597.0290,satoshitango,3.8590,0.2422
2026-07-28T19:39:46-03:00,Tue,19,1569.4977,binancep2p,1596.3500,binance,26.8523,1.7109
2026-07-28T20:37:23-03:00,Tue,20,1592.8910,bitsoalpha,1599.5656,satoshitango,6.6746,0.4190
2026-07-28T22:05:04-03:00,Tue,22,1596.0116,bitsoalpha,1599.5030,satoshitango,3.4914,0.2188
2026-07-29T01:26:28-03:00,Wed,1,1595.1628,ripioexchange,1602.8157,satoshitango,7.6529,0.4798
2026-07-29T04:27:44-03:00,Wed,4,1595.7634,ripioexchange,1603.2160,satoshitango,7.4526,0.4670
2026-07-29T07:15:53-03:00,Wed,7,1595.7698,ripioexchange,1603.5765,satoshitango,7.8067,0.4892
2026-07-29T09:32:44-03:00,Wed,9,1596.0000,okexp2p,1604.9928,satoshitango,8.9928,0.5635
2026-07-29T11:56:24-03:00,Wed,11,1592.0211,letsbit,1596.0000,bybitp2p,3.9789,0.2499
2026-07-29T13:37:34-03:00,Wed,13,1592.5811,bitsoalpha,1594.2097,satoshitango,1.6286,0.1023
2026-07-29T16:39:21-03:00,Wed,16,1591.1171,lemoncash,1593.9728,satoshitango,2.8557,0.1795
2026-07-29T17:34:08-03:00,Wed,17,1590.7000,bitsoalpha,1596.8485,binance,6.1485,0.3865
2026-07-29T18:32:04-03:00,Wed,18,1589.2387,lemoncashp2p,1598.7842,binance,9.5455,0.6006
2026-07-29T19:35:34-03:00,Wed,19,1587.6600,bitsoalpha,1597.4099,binance,9.7499,0.6141
2026-07-29T20:38:38-03:00,Wed,20,1588.0200,bitsoalpha,1596.9000,binance,8.8800,0.5592
2026-07-29T22:00:06-03:00,Wed,22,1593.0000,fiwind,1598.9000,binance,5.9000,0.3704
2026-07-30T01:15:38-03:00,Thu,1,0.0006,letsbit,1598.5000,binance,1598.4994,266416566.6667
2026-07-30T04:18:11-03:00,Thu,4,0.0006,letsbit,1597.1749,binance,1597.1743,266195716.6667
2026-07-30T07:01:30-03:00,Thu,7,0.0006,letsbit,1600.0000,okexp2p,1599.9994,266666566.6667
2026-07-30T09:01:58-03:00,Thu,9,1591.4800,bitsoalpha,1599.8000,binance,8.3200,0.5228
2026-07-30T11:27:59-03:00,Thu,11,1575.8700,bitsoalpha,1588.6600,okexp2p,12.7900,0.8116
2026-07-30T13:13:07-03:00,Thu,13,1578.9901,bitsoalpha,1583.5044,eldoradop2p,4.5143,0.2859
2026-07-30T14:47:34-03:00,Thu,14,1575.0100,bitsoalpha,1580.8615,eldoradop2p,5.8515,0.3715
2026-07-30T16:47:14-03:00,Thu,16,1571.1100,bitsoalpha,1578.0561,eldoradop2p,6.9461,0.4421
2026-07-30T18:20:24-03:00,Thu,18,1563.0568,bitsoalpha,1577.1466,eldoradop2p,14.0898,0.9014
2026-07-30T19:44:12-03:00,Thu,19,1566.1500,bitsoalpha,1574.9599,binance,8.8099,0.5625
2026-07-30T21:13:11-03:00,Thu,21,1570.0000,lemoncashp2p,1576.0000,eldoradop2p,6.0000,0.3822
2026-07-31T01:04:52-03:00,Fri,1,1570.3400,bitsoalpha,1575.9000,binance,5.5600,0.3541
2026-07-31T03:52:46-03:00,Fri,3,1567.6100,bitsoalpha,1575.5000,binance,7.8900,0.5033
2026-07-31T06:51:01-03:00,Fri,6,1568.8200,bitsoalpha,1570.9059,binance,2.0859,0.1330
2026-07-31T09:13:14-03:00,Fri,9,1569.6437,bitsoalpha,1575.0000,bybitp2p,5.3563,0.3412
2026-07-31T12:06:43-03:00,Fri,12,1573.5115,bitsoalpha,1577.0000,bybitp2p,3.4885,0.2217
2026-07-31T13:54:11-03:00,Fri,13,1567.1100,bitsoalpha,1574.0000,binance,6.8900,0.4397
2026-07-31T15:42:01-03:00,Fri,15,1567.6700,bitsoalpha,1575.3000,binance,7.6300,0.4867
2026-07-31T17:07:53-03:00,Fri,17,1565.2933,satoshitango,1582.2000,binance,16.9067,1.0801
2026-07-31T18:17:30-03:00,Fri,18,1567.8796,satoshitango,1579.7000,binance,11.8204,0.7539
2026-07-31T19:39:53-03:00,Fri,19,1563.0674,satoshitango,1579.4470,binance,16.3796,1.0479
2026-07-31T20:39:28-03:00,Fri,20,1569.0551,satoshitango,1579.4000,binance,10.3449,0.6593
2026-07-31T22:11:46-03:00,Fri,22,1572.0100,lemoncashp2p,1580.0000,bybitp2p,7.9900,0.5083
2026-08-01T01:34:24-03:00,Sat,1,1573.8552,bitsoalpha,1581.0000,binance,7.1448,0.4540
2026-08-01T04:10:58-03:00,Sat,4,1577.0959,satoshitango,1581.8000,binance,4.7041,0.2983
2026-08-01T06:19:06-03:00,Sat,6,1576.7668,satoshitango,1581.7999,binance,5.0331,0.3192
2026-08-01T08:04:03-03:00,Sat,8,1576.5479,satoshitango,1581.8000,binance,5.2521,0.3331
2026-08-01T09:10:27-03:00,Sat,9,1576.4381,satoshitango,1581.8000,binance,5.3619,0.3401
2026-08-01T10:51:39-03:00,Sat,10,1573.8400,bitsoalpha,1581.4000,binance,7.5600,0.4804
2026-08-01T12:14:21-03:00,Sat,12,1573.3301,bitsoalpha,1581.3000,binance,7.9699,0.5066
2026-08-01T13:34:19-03:00,Sat,13,1572.8300,bitsoalpha,1581.3000,binance,8.4700,0.5385
2026-08-01T14:38:57-03:00,Sat,14,1570.8478,bitsoalpha,1581.7000,binance,10.8522,0.6908
2026-08-01T15:36:49-03:00,Sat,15,1572.6000,bitsoalpha,1581.6000,binance,9.0000,0.5723
2026-08-01T16:49:59-03:00,Sat,16,1570.6453,bitsoalpha,1581.0610,binance,10.4157,0.6631
2026-08-01T18:06:59-03:00,Sat,18,1569.7500,bitsoalpha,1581.2000,binance,11.4500,0.7294
2026-08-01T19:08:04-03:00,Sat,19,1570.2201,bitsoalpha,1581.2000,binance,10.9799,0.6993
2026-08-01T20:07:23-03:00,Sat,20,1571.5338,bitsoalpha,1580.4000,binance,8.8662,0.5642
2026-08-01T21:08:11-03:00,Sat,21,1573.5105,bitsoalpha,1581.2000,binance,7.6895,0.4887
2026-08-02T00:48:06-03:00,Sun,0,1570.7458,bitsoalpha,1581.8000,binance,11.0542,0.7038
2026-08-02T03:42:47-03:00,Sun,3,1570.0653,bitsoalpha,1581.4000,binance,11.3347,0.7219
2026-08-02T05:58:25-03:00,Sun,5,1571.7115,bitsoalpha,1580.5000,binance,8.7885,0.5592
2026-08-02T07:47:54-03:00,Sun,7,1571.4500,bitsoalpha,1581.3000,binance,9.8500,0.6268
2026-08-02T09:12:05-03:00,Sun,9,1571.8553,bitsoalpha,1580.9000,binance,9.0447,0.5754
2026-08-02T10:53:16-03:00,Sun,10,1570.8100,bitsoalpha,1581.3000,binance,10.4900,0.6678
2026-08-02T12:15:27-03:00,Sun,12,1569.7208,bitsoalpha,1580.2700,binance,10.5492,0.6720
2026-08-02T13:33:28-03:00,Sun,13,1570.4400,bitsoalpha,1581.7644,binance,11.3244,0.7211
2026-08-02T14:41:08-03:00,Sun,14,1570.6001,bitsoalpha,1581.7509,binance,11.1508,0.7100
2026-08-02T15:39:38-03:00,Sun,15,1572.7900,bitsoalpha,1581.9000,binance,9.1100,0.5792
2026-08-02T16:50:54-03:00,Sun,16,1573.3017,bitsoalpha,1580.8000,binance,7.4983,0.4766
2026-08-02T18:07:47-03:00,Sun,18,1572.3200,bitsoalpha,1580.2000,binance,7.8800,0.5012
2026-08-02T19:07:00-03:00,Sun,19,1572.6700,bitsoalpha,1581.2000,binance,8.5300,0.5424
2026-08-02T20:07:29-03:00,Sun,20,1570.6000,bitsoalpha,1581.4000,binance,10.8000,0.6876
2026-08-02T21:08:40-03:00,Sun,21,1570.6254,bitsoalpha,1580.9414,binance,10.3160,0.6568
2026-08-03T00:50:09-03:00,Mon,0,1570.8601,bitsoalpha,1581.6000,binance,10.7399,0.6837
2026-08-03T04:40:18-03:00,Mon,4,1571.7253,bitsoalpha,1582.2000,binance,10.4747,0.6664
2026-08-03T07:57:07-03:00,Mon,7,1572.1900,bitsoalpha,1581.5000,binance,9.3100,0.5922
2026-08-03T10:47:25-03:00,Mon,10,1565.0000,lemoncashp2p,1578.9722,satoshitango,13.9722,0.8928
2026-08-03T13:37:41-03:00,Mon,13,1570.6163,letsbit,1577.6212,binance,7.0049,0.4460
2026-08-03T15:23:20-03:00,Mon,15,1572.9900,bybitp2p,1576.9314,satoshitango,3.9414,0.2506
2026-08-03T17:16:52-03:00,Mon,17,1569.4212,bitsoalpha,1581.9707,satoshitango,12.5495,0.7996
2026-08-03T18:45:51-03:00,Mon,18,1567.1600,bitsoalpha,1578.8657,satoshitango,11.7057,0.7469
2026-08-03T20:16:42-03:00,Mon,20,1567.0700,bitsoalpha,1576.4294,satoshitango,9.3594,0.5973
2026-08-03T22:04:06-03:00,Mon,22,1572.3515,lemoncashp2p,1579.9000,binance,7.5485,0.4801
2026-08-04T01:27:08-03:00,Tue,1,1569.9305,bitsoalpha,1583.3000,binance,13.3695,0.8516
2026-08-04T04:20:29-03:00,Tue,4,1570.7353,lemoncashp2p,1584.4708,binance,13.7355,0.8745
2026-08-04T07:16:54-03:00,Tue,7,1572.4678,lemoncashp2p,1581.6000,binance,9.1322,0.5808
2026-08-04T09:28:16-03:00,Tue,9,1572.0049,lemoncashp2p,1583.0275,satoshitango,11.0226,0.7012
2026-08-04T12:07:32-03:00,Tue,12,1566.9391,lemoncashp2p,1579.8933,satoshitango,12.9542,0.8267
2026-08-04T14:00:27-03:00,Tue,14,1570.0000,lemoncashp2p,1579.0498,satoshitango,9.0498,0.5764
2026-08-04T15:47:34-03:00,Tue,15,1569.7030,lemoncashp2p,1577.9098,satoshitango,8.2068,0.5228
2026-08-04T17:39:33-03:00,Tue,17,1567.5600,bitsoalpha,1572.1178,binance,4.5578,0.2908
2026-08-04T18:53:13-03:00,Tue,18,1568.0100,bitsoalpha,1572.5857,binance,4.5757,0.2918
2026-08-04T20:16:06-03:00,Tue,20,1567.5000,bitsoalpha,1571.7250,binance,4.2250,0.2695
2026-08-04T22:01:20-03:00,Tue,22,1569.9505,lemoncashp2p,1574.9000,binance,4.9495,0.3153
2026-08-05T01:25:26-03:00,Wed,1,1569.3753,lemoncashp2p,1578.1000,binance,8.7247,0.5559
2026-08-05T04:21:10-03:00,Wed,4,1569.5981,lemoncashp2p,1578.5103,binance,8.9122,0.5678
2026-08-05T07:14:20-03:00,Wed,7,1569.2600,bitsoalpha,1576.9000,binance,7.6400,0.4869
2026-08-05T09:25:25-03:00,Wed,9,1569.7766,lemoncashp2p,1577.1000,binance,7.3234,0.4665
2026-08-05T11:59:29-03:00,Wed,11,1568.9990,bingxp2p,1576.8750,satoshitango,7.8760,0.5020
2026-08-05T13:49:53-03:00,Wed,13,1569.4936,bybitp2p,1574.2516,binance,4.7580,0.3032
2026-08-05T15:46:29-03:00,Wed,15,1569.8747,bitsoalpha,1575.9665,binance,6.0918,0.3880
2026-08-05T17:37:37-03:00,Wed,17,1566.4049,bitsoalpha,1576.4000,binance,9.9951,0.6381
2026-08-05T18:52:04-03:00,Wed,18,1567.2800,bitsoalpha,1577.8466,binance,10.5666,0.6742
2026-08-05T20:15:34-03:00,Wed,20,1565.8460,bitsoalpha,1578.8362,binance,12.9902,0.8296
2026-08-05T22:01:59-03:00,Wed,22,1568.4400,bybitp2p,1579.9000,binance,11.4600,0.7307
2026-08-06T01:26:38-03:00,Thu,1,1565.6328,bitsoalpha,1578.2000,binance,12.5672,0.8027
2026-08-06T04:22:44-03:00,Thu,4,1566.6800,bitsoalpha,1577.9000,binance,11.2200,0.7162
2026-08-06T07:16:05-03:00,Thu,7,1567.6600,bitsoalpha,1577.9000,binance,10.2400,0.6532
2026-08-06T09:28:40-03:00,Thu,9,1567.7200,bitsoalpha,1577.5000,binance,9.7800,0.6238
2026-08-06T11:58:33-03:00,Thu,11,1567.7000,ripioexchange,1575.1000,binance,7.4000,0.4720
2026-08-06T21:28:46-03:00,Thu,21,1567.5616,lemoncashp2p,1582.8000,binance,15.2384,0.9721
2026-08-07T00:36:01-03:00,Fri,0,1560.7480,satoshitango,1582.8000,binance,22.0520,1.4129
2026-08-07T02:20:24-03:00,Fri,2,1561.3653,satoshitango,1583.6000,binance,22.2347,1.4241
2026-08-07T03:51:11-03:00,Fri,3,1561.9055,satoshitango,1581.5000,binance,19.5945,1.2545
2026-08-07T05:19:37-03:00,Fri,5,1562.2307,satoshitango,1582.5000,binance,20.2693,1.2975
2026-08-07T06:37:49-03:00,Fri,6,1562.5863,satoshitango,1582.0000,binance,19.4137,1.2424
2026-08-07T07:30:46-03:00,Fri,7,1562.0308,satoshitango,1581.8940,binance,19.8632,1.2716
2026-08-07T08:28:33-03:00,Fri,8,1562.3554,satoshitango,1581.9698,binance,19.6144,1.2554
2026-08-07T09:25:54-03:00,Fri,9,1563.0649,satoshitango,1580.7319,binance,17.6670,1.1303
2026-08-07T10:56:01-03:00,Fri,10,1562.8380,bitsoalpha,1576.6000,binance,13.7620,0.8806
2026-08-07T12:06:28-03:00,Fri,12,1567.6230,lemoncashp2p,1576.0000,binance,8.3770,0.5344
2026-08-07T13:06:25-03:00,Fri,13,1568.6990,bybitp2p,1575.8862,binance,7.1872,0.4582
2026-08-07T14:04:03-03:00,Fri,14,1569.3795,bingxp2p,1579.0457,binance,9.6662,0.6159
2026-08-07T14:58:58-03:00,Fri,14,1567.8007,bitsoalpha,1578.9907,binance,11.1900,0.7137
2026-08-07T16:11:36-03:00,Fri,16,1568.4547,lemoncashp2p,1576.8859,satoshitango,8.4312,0.5375
2026-08-07T16:58:05-03:00,Fri,16,1565.9200,bitsoalpha,1577.4000,binance,11.4800,0.7331
2026-08-07T17:54:47-03:00,Fri,17,1565.2716,bitsoalpha,1576.3580,binance,11.0864,0.7083
2026-08-07T18:52:00-03:00,Fri,18,1565.3417,bitsoalpha,1576.3000,binance,10.9583,0.7001
2026-08-07T19:51:37-03:00,Fri,19,1565.8900,bitsoalpha,1576.3563,binance,10.4663,0.6684
2026-08-07T20:45:09-03:00,Fri,20,1560.9300,bitsoalpha,1575.9000,binance,14.9700,0.9590
2026-08-07T23:18:03-03:00,Fri,23,1565.5600,bitsoalpha,1579.0981,binance,13.5381,0.8647
2026-08-08T00:55:30-03:00,Sat,0,1564.4000,bitsoalpha,1581.9000,binance,17.5000,1.1186
2026-08-08T02:07:49-03:00,Sat,2,1565.4600,bitsoalpha,1581.7000,binance,16.2400,1.0374
2026-08-08T02:53:16-03:00,Sat,2,1567.6501,satoshitango,1581.1246,binance,13.4745,0.8595
2026-08-08T04:10:49-03:00,Sat,4,1567.0040,bitsoalpha,1580.9511,binance,13.9471,0.8900
2026-08-08T04:58:01-03:00,Sat,4,1567.9900,bitsoalpha,1579.6783,binance,11.6883,0.7454
2026-08-08T05:55:54-03:00,Sat,5,1567.2350,bitsoalpha,1580.0000,okexp2p,12.7650,0.8145
2026-08-08T06:50:55-03:00,Sat,6,1567.6900,bitsoalpha,1580.0000,okexp2p,12.3100,0.7852
2026-08-08T07:47:55-03:00,Sat,7,1566.8950,bitsoalpha,1579.5798,binance,12.6848,0.8096
2026-08-08T08:39:02-03:00,Sat,8,1566.9850,bitsoalpha,1579.6000,binance,12.6150,0.8050
2026-08-08T08:59:01-03:00,Sat,8,1565.5450,lemoncashp2p,1579.5977,binance,14.0527,0.8976
2026-08-08T10:09:12-03:00,Sat,10,1564.3958,lemoncashp2p,1581.0000,binance,16.6042,1.0614
2026-08-08T10:54:06-03:00,Sat,10,1565.0000,lemoncashp2p,1580.5195,binance,15.5195,0.9917
2026-08-08T11:46:15-03:00,Sat,11,1564.0000,lemoncashp2p,1580.0000,okexp2p,16.0000,1.0230
2026-08-08T12:42:29-03:00,Sat,12,1568.4500,bitsoalpha,1580.0000,okexp2p,11.5500,0.7364
2026-08-08T13:02:22-03:00,Sat,13,1568.1900,bitsoalpha,1576.4099,binance,8.2199,0.5242
2026-08-08T13:49:12-03:00,Sat,13,1568.5229,satoshitango,1578.1143,binance,9.5914,0.6115
2026-08-08T14:43:18-03:00,Sat,14,1564.3272,lemoncashp2p,1578.3542,binance,14.0270,0.8967
2026-08-08T15:54:04-03:00,Sat,15,1564.2593,lemoncashp2p,1579.4000,binance,15.1407,0.9679
2026-08-08T16:40:51-03:00,Sat,16,1567.0945,lemoncashp2p,1579.3000,binance,12.2055,0.7789
2026-08-08T17:01:31-03:00,Sat,17,1568.1473,lemoncashp2p,1579.2376,binance,11.0903,0.7072
2026-08-08T17:45:07-03:00,Sat,17,1565.5373,lemoncashp2p,1578.3602,binance,12.8229,0.8191
2026-08-08T18:42:58-03:00,Sat,18,1569.6109,satoshitango,1579.2961,binance,9.6852,0.6170
2026-08-08T19:02:23-03:00,Sat,19,1566.9332,lemoncashp2p,1578.5163,binance,11.5831,0.7392
2026-08-08T19:43:44-03:00,Sat,19,1569.8623,bitsoalpha,1579.1000,binance,9.2377,0.5884
2026-08-08T20:41:07-03:00,Sat,20,1570.1176,satoshitango,1578.9768,binance,8.8592,0.5642
2026-08-08T21:01:28-03:00,Sat,21,1570.3482,satoshitango,1577.6000,binance,7.2518,0.4618
2026-08-08T23:25:22-03:00,Sat,23,1569.8533,bitsoalpha,1578.7030,binance,8.8497,0.5637
2026-08-09T01:03:23-03:00,Sun,1,1570.6741,ripioexchange,1579.1000,binance,8.4259,0.5365
2026-08-09T02:15:30-03:00,Sun,2,1570.4719,satoshitango,1579.9000,binance,9.4281,0.6003
2026-08-09T03:26:29-03:00,Sun,3,1570.6421,satoshitango,1579.4002,binance,8.7581,0.5576
2026-08-09T04:38:32-03:00,Sun,4,1570.6578,satoshitango,1578.7000,binance,8.0422,0.5120
2026-08-09T05:20:59-03:00,Sun,5,1570.6257,satoshitango,1578.5100,binance,7.8843,0.5020
2026-08-09T06:20:59-03:00,Sun,6,1570.7934,satoshitango,1578.7000,binance,7.9066,0.5034
2026-08-09T07:08:43-03:00,Sun,7,1570.8406,satoshitango,1590.0000,okexp2p,19.1594,1.2197
2026-08-09T07:50:12-03:00,Sun,7,1570.9035,satoshitango,1590.0000,okexp2p,19.0965,1.2156
2026-08-09T08:40:41-03:00,Sun,8,1571.4000,bitsoalpha,1590.0000,okexp2p,18.6000,1.1837
2026-08-09T09:01:48-03:00,Sun,9,1571.9918,bitsoalpha,1579.8000,binance,7.8082,0.4967
2026-08-09T10:12:06-03:00,Sun,10,1571.9121,bitsoalpha,1580.7000,binance,8.7879,0.5591
2026-08-09T10:57:48-03:00,Sun,10,1571.8600,bitsoalpha,1580.3820,binance,8.5220,0.5422
2026-08-09T11:49:09-03:00,Sun,11,1571.7487,satoshitango,1579.9000,binance,8.1513,0.5186
2026-08-09T12:43:04-03:00,Sun,12,1571.4559,satoshitango,1578.9898,binance,7.5339,0.4794
2026-08-09T13:03:56-03:00,Sun,13,1570.5714,bitsoalpha,1579.4179,binance,8.8465,0.5633
2026-08-09T13:50:37-03:00,Sun,13,1570.6200,bitsoalpha,1575.6994,binance,5.0794,0.3234
2026-08-09T14:44:00-03:00,Sun,14,1570.3500,satoshitango,1576.9000,binance,6.5500,0.4171
2026-08-09T15:57:16-03:00,Sun,15,1570.9031,satoshitango,1573.2379,binance,2.3348,0.1486
2026-08-09T16:45:27-03:00,Sun,16,1570.9510,satoshitango,1573.2564,binance,2.3054,0.1468
2026-08-09T17:48:57-03:00,Sun,17,1572.5873,lemoncashp2p,1575.0000,binance,2.4127,0.1534
2026-08-09T18:45:06-03:00,Sun,18,1571.7037,satoshitango,1575.6972,binance,3.9935,0.2541
2026-08-09T19:46:08-03:00,Sun,19,1572.1830,bybitp2p,1578.5601,binance,6.3771,0.4056
2026-08-09T20:43:13-03:00,Sun,20,1572.5500,bitsoalpha,1578.4000,binance,5.8500,0.3720
2026-08-09T23:30:05-03:00,Sun,23,1570.0000,bybitp2p,1578.2224,binance,8.2224,0.5237
2026-08-10T01:16:16-03:00,Mon,1,1571.0097,satoshitango,1579.5994,binance,8.5897,0.5468
2026-08-10T03:00:00-03:00,Mon,3,1571.1491,satoshitango,1579.5811,binance,8.4320,0.5367
2026-08-10T05:00:34-03:00,Mon,5,1571.5632,satoshitango,1579.1964,binance,7.6332,0.4857
2026-08-10T06:44:20-03:00,Mon,6,1571.4237,satoshitango,1578.4538,binance,7.0301,0.4474
2026-08-10T08:18:28-03:00,Mon,8,1570.9164,satoshitango,1590.0000,okexp2p,19.0836,1.2148
2026-08-10T09:28:42-03:00,Mon,9,1568.1684,lemoncashp2p,1590.0000,okexp2p,21.8316,1.3922
2026-08-10T11:02:53-03:00,Mon,11,1565.5200,lemoncashp2p,1574.2000,binance,8.6800,0.5544
2026-08-10T12:13:04-03:00,Mon,12,1570.0000,lemoncashp2p,1575.8000,binance,5.8000,0.3694
2026-08-10T13:08:39-03:00,Mon,13,1570.0000,lemoncashp2p,1579.4514,binance,9.4514,0.6020
2026-08-10T14:05:18-03:00,Mon,14,1570.0000,lemoncashp2p,1581.9270,binance,11.9270,0.7597
2026-08-10T14:59:36-03:00,Mon,14,1572.9589,lemoncashp2p,1582.4201,binance,9.4612,0.6015
2026-08-10T16:12:05-03:00,Mon,16,1575.3070,lemoncashp2p,1582.9558,satoshitango,7.6488,0.4855
2026-08-10T17:00:30-03:00,Mon,17,1572.4755,bitsoalpha,1580.9435,satoshitango,8.4680,0.5385
2026-08-10T17:57:57-03:00,Mon,17,1572.2300,bitsoalpha,1579.8172,satoshitango,7.5872,0.4826
2026-08-10T18:54:47-03:00,Mon,18,1569.9901,lemoncashp2p,1577.5657,binance,7.5756,0.4825
2026-08-10T19:53:14-03:00,Mon,19,1572.9900,bybitp2p,1581.1961,binance,8.2061,0.5217
2026-08-10T20:47:35-03:00,Mon,20,1572.2200,bitsoalpha,1578.1000,binance,5.8800,0.3740
2026-08-10T23:23:53-03:00,Mon,23,1574.0000,okexp2p,1580.5842,binance,6.5842,0.4183
2026-08-11T01:04:53-03:00,Tue,1,1572.3325,bitsoalpha,1581.8834,binance,9.5509,0.6074
2026-08-11T02:19:24-03:00,Tue,2,1573.0000,bybitp2p,1582.4000,binance,9.4000,0.5976
2026-08-11T03:31:55-03:00,Tue,3,1575.0000,lemoncashp2p,1582.6000,binance,7.6000,0.4825
2026-08-11T04:50:35-03:00,Tue,4,1573.4821,bitsoalpha,1582.4000,binance,8.9179,0.5668
2026-08-11T06:11:31-03:00,Tue,6,1575.0000,kucoinp2p,1582.4000,binance,7.4000,0.4698
2026-08-11T07:09:31-03:00,Tue,7,1573.7400,bitsoalpha,1582.5000,binance,8.7600,0.5566
2026-08-11T08:02:21-03:00,Tue,8,1571.8107,lemoncashp2p,1582.8000,binance,10.9893,0.6991
2026-08-11T08:53:42-03:00,Tue,8,1571.2177,lemoncashp2p,1581.7000,binance,10.4823,0.6671
2026-08-11T10:36:41-03:00,Tue,10,1575.0000,bybitp2p,1582.8000,binance,7.8000,0.4952
2026-08-11T11:40:20-03:00,Tue,11,1575.0000,bybitp2p,1581.1938,satoshitango,6.1938,0.3933
2026-08-11T12:36:06-03:00,Tue,12,1574.7700,bitsoalpha,1582.2734,satoshitango,7.5034,0.4765
2026-08-11T13:30:19-03:00,Tue,13,1574.4500,bybitp2p,1582.9441,satoshitango,8.4941,0.5395
2026-08-11T14:35:32-03:00,Tue,14,1574.6817,bybitp2p,1583.6000,binance,8.9183,0.5664
2026-08-11T15:30:55-03:00,Tue,15,1574.9900,bitgetp2p,1585.2000,binance,10.2100,0.6483
2026-08-11T16:42:21-03:00,Tue,16,1576.0741,okexp2p,1583.2664,satoshitango,7.1923,0.4563
2026-08-11T17:23:12-03:00,Tue,17,1576.0000,bybitp2p,1584.6000,binance,8.6000,0.5457
2026-08-11T18:26:34-03:00,Tue,18,1575.9800,bybitp2p,1586.0628,binance,10.0828,0.6398
2026-08-11T19:22:34-03:00,Tue,19,1576.9900,bybitp2p,1585.4022,binance,8.4122,0.5334
2026-08-11T20:21:45-03:00,Tue,20,1577.3000,bitsoalpha,1586.8000,binance,9.5000,0.6023
2026-08-11T21:39:58-03:00,Tue,21,1577.2800,bitsoalpha,1586.3000,binance,9.0200,0.5719
2026-08-12T00:09:08-03:00,Wed,0,1578.0000,coinexp2p,1586.0393,binance,8.0393,0.5095
2026-08-12T01:58:16-03:00,Wed,1,1579.4215,bitsoalpha,1585.9000,binance,6.4785,0.4102
2026-08-12T03:39:18-03:00,Wed,3,1581.2500,bitsoalpha,1585.9000,binance,4.6500,0.2941
2026-08-12T05:02:31-03:00,Wed,5,1578.8700,ripioexchange,1586.0000,binance,7.1300,0.4516
2026-08-12T06:21:38-03:00,Wed,6,1581.0721,ripioexchange,1586.9000,binance,5.8279,0.3686
2026-08-12T07:40:42-03:00,Wed,7,1581.5864,kucoinp2p,1586.9000,binance,5.3136,0.3360
2026-08-12T08:28:15-03:00,Wed,8,1578.3857,bitsoalpha,1586.7526,binance,8.3669,0.5301
2026-08-12T09:29:01-03:00,Wed,9,1578.2500,bitsoalpha,1583.0788,binance,4.8288,0.3060
2026-08-12T11:04:00-03:00,Wed,11,1577.1000,ripioexchange,1584.0000,binance,6.9000,0.4375
2026-08-12T12:11:13-03:00,Wed,12,1577.7718,lemoncashp2p,1583.9794,satoshitango,6.2076,0.3934
2026-08-12T13:07:43-03:00,Wed,13,1577.0000,bybitp2p,1586.5312,binance,9.5312,0.6044
2026-08-12T14:08:33-03:00,Wed,14,1576.6340,lemoncashp2p,1586.9000,binance,10.2660,0.6511
2026-08-12T15:03:59-03:00,Wed,15,1574.2574,lemoncashp2p,1590.0900,binance,15.8326,1.0057
2026-08-12T16:16:14-03:00,Wed,16,1575.0000,lemoncashp2p,1586.3230,binance,11.3230,0.7189
2026-08-12T17:19:59-03:00,Wed,17,1576.8056,lemoncashp2p,1587.3000,binance,10.4944,0.6655
2026-08-12T18:25:16-03:00,Wed,18,1579.8900,bitsoalpha,1589.2000,binance,9.3100,0.5893
2026-08-12T19:22:35-03:00,Wed,19,1578.1000,bybitp2p,1590.8000,binance,12.7000,0.8048
2026-08-12T20:20:52-03:00,Wed,20,1580.0000,lemoncashp2p,1591.7765,binance,11.7765,0.7453
2026-08-12T21:41:47-03:00,Wed,21,1580.0000,lemoncashp2p,1594.9000,binance,14.9000,0.9430
2026-08-13T00:13:02-03:00,Thu,0,1581.9800,bybitp2p,1594.8000,binance,12.8200,0.8104
2026-08-13T02:04:28-03:00,Thu,2,1581.9800,bybitp2p,1591.6240,binance,9.6440,0.6096
2026-08-13T03:41:31-03:00,Thu,3,1581.9800,bybitp2p,1592.2000,binance,10.2200,0.6460
2026-08-13T05:04:31-03:00,Thu,5,1581.9800,bybitp2p,1592.8000,binance,10.8200,0.6840
2026-08-13T06:21:53-03:00,Thu,6,1581.9800,bybitp2p,1593.6000,binance,11.6200,0.7345
2026-08-13T07:41:42-03:00,Thu,7,1581.9800,bybitp2p,1592.9000,binance,10.9200,0.6903
2026-08-13T08:27:01-03:00,Thu,8,1583.9900,bitgetp2p,1592.9000,binance,8.9100,0.5625
2026-08-13T09:29:56-03:00,Thu,9,1582.5000,bybitp2p,1592.9000,binance,10.4000,0.6572
2026-08-13T11:05:28-03:00,Thu,11,1581.9900,bitsoalpha,1589.7436,binance,7.7536,0.4901
2026-08-13T12:11:25-03:00,Thu,12,1580.0000,bybitp2p,1586.7550,binance,6.7550,0.4275
2026-08-13T13:08:05-03:00,Thu,13,1578.8265,bybitp2p,1585.7070,binance,6.8805,0.4358
2026-08-13T14:08:45-03:00,Thu,14,1577.9900,bybitp2p,1586.0052,satoshitango,8.0152,0.5079
2026-08-13T15:04:22-03:00,Thu,15,1578.0000,bybitp2p,1588.6448,satoshitango,10.6448,0.6746
2026-08-13T16:16:22-03:00,Thu,16,1577.0506,lemoncashp2p,1589.7000,binance,12.6494,0.8021
2026-08-13T17:17:00-03:00,Thu,17,1578.3221,lemoncashp2p,1590.0421,binance,11.7200,0.7426
2026-08-13T18:26:13-03:00,Thu,18,1579.1100,bitsoalpha,1590.3931,binance,11.2831,0.7145
2026-08-13T19:22:16-03:00,Thu,19,1577.1708,bitsoalpha,1593.3000,binance,16.1292,1.0227
2026-08-13T20:22:25-03:00,Thu,20,1579.1100,bitsoalpha,1592.8105,binance,13.7005,0.8676
2026-08-13T21:41:21-03:00,Thu,21,1577.0082,lemoncashp2p,1587.3420,binance,10.3338,0.6553
2026-08-14T00:11:23-03:00,Fri,0,1580.0000,lemoncashp2p,1592.0000,binance,12.0000,0.7595
2026-08-14T02:00:17-03:00,Fri,2,1580.2114,bitsoalpha,1592.2722,binance,12.0608,0.7632
2026-08-14T03:38:53-03:00,Fri,3,1581.0000,okexp2p,1592.3000,binance,11.3000,0.7147
2026-08-14T05:00:05-03:00,Fri,5,1581.0000,okexp2p,1594.7000,binance,13.7000,0.8665
2026-08-14T06:17:27-03:00,Fri,6,1577.3503,saldo,1593.9000,binance,16.5497,1.0492
2026-08-14T07:37:10-03:00,Fri,7,1580.5788,saldo,1593.2000,binance,12.6212,0.7985
2026-08-14T08:24:18-03:00,Fri,8,1581.0000,kucoinp2p,1600.0000,okexp2p,19.0000,1.2018
2026-08-14T09:26:37-03:00,Fri,9,1580.9000,bybitp2p,1600.0000,okexp2p,19.1000,1.2082
2026-08-14T11:00:05-03:00,Fri,11,1577.1000,bitsoalpha,1600.0000,okexp2p,22.9000,1.4520
2026-08-14T12:04:23-03:00,Fri,12,1576.4900,bybitp2p,1600.0000,okexp2p,23.5100,1.4913
2026-08-14T13:02:38-03:00,Fri,13,1575.0000,bitgetp2p,1600.0000,okexp2p,25.0000,1.5873
2026-08-14T14:07:15-03:00,Fri,14,1574.5000,bybitp2p,1600.0000,okexp2p,25.5000,1.6196
2026-08-14T15:02:19-03:00,Fri,15,1571.7633,bitsoalpha,1577.0000,bybitp2p,5.2367,0.3332
2026-08-14T16:09:52-03:00,Fri,16,1571.1647,bitsoalpha,1578.0000,bybitp2p,6.8353,0.4350
2026-08-14T16:54:08-03:00,Fri,16,1570.9800,bitsoalpha,1578.0000,bybitp2p,7.0200,0.4469
2026-08-14T17:41:37-03:00,Fri,17,1572.7700,bitsoalpha,1580.0000,binance,7.2300,0.4597
2026-08-14T18:01:38-03:00,Fri,18,1573.0000,bitsoalpha,1580.1036,binance,7.1036,0.4516
2026-08-14T18:36:28-03:00,Fri,18,1572.8200,bitsoalpha,1582.5000,binance,9.6800,0.6155
2026-08-14T18:55:33-03:00,Fri,18,1573.0019,bitsoalpha,1581.0110,binance,8.0091,0.5092
2026-08-14T19:36:43-03:00,Fri,19,1574.0000,okexp2p,1582.5000,binance,8.5000,0.5400
2026-08-14T19:56:18-03:00,Fri,19,1574.0000,okexp2p,1580.6661,binance,6.6661,0.4235
2026-08-14T20:33:08-03:00,Fri,20,1573.4243,lemoncashp2p,1581.9102,binance,8.4859,0.5393
2026-08-14T20:56:31-03:00,Fri,20,1573.0900,bitsoalpha,1582.9000,binance,9.8100,0.6236
2026-08-14T22:46:38-03:00,Fri,22,1573.3421,bitsoalpha,1583.6000,binance,10.2579,0.6520
2026-08-15T00:01:07-03:00,Sat,0,1573.2800,bitsoalpha,1583.8000,binance,10.5200,0.6687
2026-08-15T00:50:36-03:00,Sat,0,1575.0000,lemoncashp2p,1583.3000,binance,8.3000,0.5270
2026-08-15T01:43:10-03:00,Sat,1,1575.0000,lemoncashp2p,1583.9000,binance,8.9000,0.5651
2026-08-15T02:36:35-03:00,Sat,2,1575.0000,lemoncashp2p,1583.8228,binance,8.8228,0.5602
2026-08-15T02:57:34-03:00,Sat,2,1575.0000,lemoncashp2p,1583.9000,binance,8.9000,0.5651
2026-08-15T03:55:00-03:00,Sat,3,1575.0000,lemoncashp2p,1582.9704,binance,7.9704,0.5061
2026-08-15T04:39:41-03:00,Sat,4,1575.0000,lemoncashp2p,1581.9289,binance,6.9289,0.4399
2026-08-15T04:57:47-03:00,Sat,4,1574.9100,bitsoalpha,1581.6120,binance,6.7020,0.4255
2026-08-15T05:42:30-03:00,Sat,5,1575.0000,lemoncashp2p,1581.5646,binance,6.5646,0.4168
2026-08-15T06:02:07-03:00,Sat,6,1575.0000,lemoncashp2p,1582.4000,binance,7.4000,0.4698
2026-08-15T06:36:06-03:00,Sat,6,1574.8896,saldo,1582.4000,binance,7.5104,0.4769
2026-08-15T06:55:19-03:00,Sat,6,1575.0000,lemoncashp2p,1582.7000,binance,7.7000,0.4889
2026-08-15T07:35:18-03:00,Sat,7,1572.7288,lemoncashp2p,1583.4000,binance,10.6712,0.6785
2026-08-15T07:55:21-03:00,Sat,7,1572.7288,lemoncashp2p,1583.5000,binance,10.7712,0.6849
2026-08-15T08:31:28-03:00,Sat,8,1575.0000,lemoncashp2p,1583.8000,binance,8.8000,0.5587
2026-08-15T08:53:08-03:00,Sat,8,1574.6900,bitsoalpha,1583.2282,binance,8.5382,0.5422
2026-08-15T09:55:46-03:00,Sat,9,1573.4160,lemoncashp2p,1583.3006,binance,9.8846,0.6282
2026-08-15T10:39:32-03:00,Sat,10,1574.2400,bitsoalpha,1582.4000,binance,8.1600,0.5183
2026-08-15T10:56:55-03:00,Sat,10,1574.9525,lemoncashp2p,1582.9778,binance,8.0253,0.5096
2026-08-15T11:35:42-03:00,Sat,11,1574.9000,bitsoalpha,1582.1000,binance,7.2000,0.4572
2026-08-15T11:55:54-03:00,Sat,11,1575.1500,bitsoalpha,1582.1000,binance,6.9500,0.4412
2026-08-15T12:32:32-03:00,Sat,12,1573.9515,bitsoalpha,1583.0000,binance,9.0485,0.5749
2026-08-15T12:53:49-03:00,Sat,12,1573.9400,bitsoalpha,1583.4000,binance,9.4600,0.6010
2026-08-15T13:37:17-03:00,Sat,13,1577.6590,bitsoalpha,1582.6701,binance,5.0111,0.3176
2026-08-15T13:56:27-03:00,Sat,13,1578.0279,saldo,1583.1339,binance,5.1060,0.3236
2026-08-15T14:32:22-03:00,Sat,14,1578.1600,bitsoalpha,1582.8962,binance,4.7362,0.3001
2026-08-15T14:54:34-03:00,Sat,14,1578.3900,bitsoalpha,1582.6848,binance,4.2948,0.2721
2026-08-15T15:44:14-03:00,Sat,15,1576.1000,ripioexchange,1582.7806,binance,6.6806,0.4239
2026-08-15T16:31:14-03:00,Sat,16,1576.2318,bitsoalpha,1582.9804,binance,6.7486,0.4281
2026-08-15T16:52:08-03:00,Sat,16,1576.9300,bitsoalpha,1584.1000,binance,7.1700,0.4547
2026-08-15T17:35:37-03:00,Sat,17,1576.8653,bitsoalpha,1583.8000,binance,6.9347,0.4398
2026-08-15T17:55:48-03:00,Sat,17,1576.7482,bitsoalpha,1583.6218,binance,6.8736,0.4359
2026-08-15T18:32:35-03:00,Sat,18,1576.7134,bitsoalpha,1583.3580,binance,6.6446,0.4214
2026-08-15T18:53:43-03:00,Sat,18,1576.7069,bitsoalpha,1582.7904,binance,6.0835,0.3858
2026-08-15T19:34:30-03:00,Sat,19,1576.7313,bitsoalpha,1584.3000,binance,7.5687,0.4800
2026-08-15T19:55:01-03:00,Sat,19,1577.1234,bitsoalpha,1582.9502,binance,5.8268,0.3695
2026-08-15T20:31:45-03:00,Sat,20,1576.9304,bitsoalpha,1583.4000,binance,6.4696,0.4103
2026-08-15T20:53:48-03:00,Sat,20,1577.0700,bitsoalpha,1583.2446,binance,6.1746,0.3915
2026-08-15T22:54:39-03:00,Sat,22,1578.3000,bitsoalpha,1583.4538,binance,5.1538,0.3265
2026-08-16T00:09:40-03:00,Sun,0,1578.9359,ripioexchange,1583.7000,binance,4.7641,0.3017
2026-08-16T00:56:41-03:00,Sun,0,1579.0930,saldo,1583.2000,binance,4.1070,0.2601
2026-08-16T01:46:55-03:00,Sun,1,1578.8131,saldo,1583.1211,binance,4.3080,0.2729
2026-08-16T02:38:48-03:00,Sun,2,1578.6696,saldo,1583.2989,binance,4.6293,0.2932
2026-08-16T02:58:31-03:00,Sun,2,1578.5497,ripioexchange,1583.1843,binance,4.6346,0.2936
2026-08-16T03:56:05-03:00,Sun,3,1578.3829,saldo,1583.7000,binance,5.3171,0.3369
2026-08-16T04:41:54-03:00,Sun,4,1578.3019,saldo,1583.7000,binance,5.3981,0.3420
2026-08-16T04:59:26-03:00,Sun,4,1578.2949,saldo,1583.7000,binance,5.4051,0.3425
2026-08-16T05:44:18-03:00,Sun,5,1578.1255,saldo,1583.7000,binance,5.5745,0.3532
2026-08-16T06:37:10-03:00,Sun,6,1577.9946,saldo,1583.9000,binance,5.9054,0.3742
2026-08-16T06:56:02-03:00,Sun,6,1577.7456,saldo,1583.9000,binance,6.1544,0.3901
2026-08-16T07:35:57-03:00,Sun,7,1577.9447,saldo,1584.1000,binance,6.1553,0.3901
2026-08-16T07:55:41-03:00,Sun,7,1578.2356,saldo,1583.1494,binance,4.9138,0.3113
2026-08-16T08:31:34-03:00,Sun,8,1578.0934,saldo,1583.1184,binance,5.0250,0.3184
2026-08-16T08:53:34-03:00,Sun,8,1578.4899,saldo,1583.6000,binance,5.1101,0.3237
2026-08-16T09:57:21-03:00,Sun,9,1579.8316,saldo,1583.9000,binance,4.0684,0.2575
2026-08-16T10:40:46-03:00,Sun,10,1579.5407,bitsoalpha,1582.6000,binance,3.0593,0.1937
2026-08-16T10:57:59-03:00,Sun,10,1580.2740,saldo,1582.8048,binance,2.5308,0.1601
2026-08-16T11:35:45-03:00,Sun,11,1576.9295,bitsoalpha,1582.9000,binance,5.9705,0.3786
2026-08-16T11:55:58-03:00,Sun,11,1576.9234,bitsoalpha,1582.6666,binance,5.7432,0.3642
2026-08-16T12:33:04-03:00,Sun,12,1577.6600,bitsoalpha,1583.2000,binance,5.5400,0.3512
2026-08-16T12:54:08-03:00,Sun,12,1580.0000,bitsoalpha,1583.7000,binance,3.7000,0.2342
2026-08-16T13:38:02-03:00,Sun,13,1577.9300,bitsoalpha,1583.3118,binance,5.3818,0.3411
2026-08-16T13:57:12-03:00,Sun,13,1578.2600,bitsoalpha,1583.6000,binance,5.3400,0.3383
2026-08-16T14:30:59-03:00,Sun,14,1579.5879,saldo,1583.2169,binance,3.6290,0.2297
2026-08-16T14:52:32-03:00,Sun,14,1579.9142,saldo,1583.8308,binance,3.9166,0.2479
2026-08-16T15:43:43-03:00,Sun,15,1578.2700,bitsoalpha,1583.3423,binance,5.0723,0.3214
2026-08-16T16:30:16-03:00,Sun,16,1578.5100,bitsoalpha,1583.9000,binance,5.3900,0.3415
2026-08-16T16:50:48-03:00,Sun,16,1578.0200,bitsoalpha,1583.2073,binance,5.1873,0.3287
2026-08-16T17:34:43-03:00,Sun,17,1578.1600,bitsoalpha,1583.6000,binance,5.4400,0.3447
2026-08-16T17:54:39-03:00,Sun,17,1579.2691,ripioexchange,1583.6000,binance,4.3309,0.2742
2026-08-16T18:31:39-03:00,Sun,18,1578.1400,bitsoalpha,1583.5868,binance,5.4468,0.3451
2026-08-16T18:52:51-03:00,Sun,18,1578.0100,bitsoalpha,1583.6000,binance,5.5900,0.3542
2026-08-16T19:33:30-03:00,Sun,19,1578.0200,bitsoalpha,1583.6000,binance,5.5800,0.3536
2026-08-16T19:54:14-03:00,Sun,19,1578.0237,bitsoalpha,1583.5673,binance,5.5436,0.3513
2026-08-16T20:31:11-03:00,Sun,20,1578.7039,saldo,1583.7000,binance,4.9961,0.3165
2026-08-16T20:53:05-03:00,Sun,20,1578.0191,bitsoalpha,1583.7000,binance,5.6809,0.3600
2026-08-16T22:52:17-03:00,Sun,22,1578.0300,bitsoalpha,1583.9000,binance,5.8700,0.3720
2026-08-17T00:09:33-03:00,Mon,0,1578.1400,bitsoalpha,1583.7543,binance,5.6143,0.3558
2026-08-17T00:59:01-03:00,Mon,0,1578.2400,bitsoalpha,1583.9000,binance,5.6600,0.3586
2026-08-17T01:54:23-03:00,Mon,1,1579.1720,bitsoalpha,1583.1496,binance,3.9776,0.2519
2026-08-17T02:46:56-03:00,Mon,2,1578.4600,bitsoalpha,1582.2000,binance,3.7400,0.2369
2026-08-17T04:13:07-03:00,Mon,4,1576.2280,lemoncashp2p,1583.4000,binance,7.1720,0.4550
2026-08-17T05:00:11-03:00,Mon,5,1576.2280,lemoncashp2p,1582.6488,binance,6.4208,0.4074
2026-08-17T05:57:06-03:00,Mon,5,1576.2280,lemoncashp2p,1583.5000,binance,7.2720,0.4614
2026-08-17T06:53:42-03:00,Mon,6,1576.2280,lemoncashp2p,1583.9000,binance,7.6720,0.4867
2026-08-17T07:45:56-03:00,Mon,7,1576.2280,lemoncashp2p,1583.8000,binance,7.5720,0.4804
2026-08-17T08:36:07-03:00,Mon,8,1576.2280,lemoncashp2p,1583.2092,binance,6.9812,0.4429
2026-08-17T08:56:20-03:00,Mon,8,1576.2280,lemoncashp2p,1583.9000,binance,7.6720,0.4867
2026-08-17T10:02:41-03:00,Mon,10,1577.5463,bitsoalpha,1583.9000,binance,6.3537,0.4028
2026-08-17T10:49:49-03:00,Mon,10,1576.6244,lemoncashp2p,1585.4595,binancep2p,8.8351,0.5604
2026-08-17T11:40:16-03:00,Mon,11,1580.4645,ripioexchange,1583.9000,binance,3.4355,0.2174
2026-08-17T11:59:15-03:00,Mon,11,1579.7233,bitsoalpha,1584.0000,bybitp2p,4.2767,0.2707
2026-08-17T12:35:49-03:00,Mon,12,1580.4750,ripioexchange,1583.1100,bybitp2p,2.6350,0.1667
2026-08-17T12:55:59-03:00,Mon,12,1579.9952,ripioexchange,1583.8000,binance,3.8048,0.2408
2026-08-17T13:41:00-03:00,Mon,13,1578.2200,bitsoalpha,1583.9000,binance,5.6800,0.3599
2026-08-17T14:01:41-03:00,Mon,14,1579.2300,bitsoalpha,1583.2000,binance,3.9700,0.2514
2026-08-17T14:40:32-03:00,Mon,14,1578.3600,bitsoalpha,1583.1285,bybitp2p,4.7685,0.3021
2026-08-17T15:01:28-03:00,Mon,15,1579.0700,bitsoalpha,1583.9000,binance,4.8300,0.3059
2026-08-17T15:54:47-03:00,Mon,15,1579.4200,bitsoalpha,1583.8000,binance,4.3800,0.2773
2026-08-17T16:37:08-03:00,Mon,16,1579.6677,ripioexchange,1583.6000,binance,3.9323,0.2489
2026-08-17T16:55:55-03:00,Mon,16,1579.1490,lemoncashp2p,1583.2483,binance,4.0993,0.2596
2026-08-17T17:39:49-03:00,Mon,17,1580.0400,lemoncashp2p,1583.0158,binance,2.9758,0.1883
2026-08-17T18:00:06-03:00,Mon,18,1580.0000,lemoncashp2p,1583.1746,binance,3.1746,0.2009
2026-08-17T18:36:29-03:00,Mon,18,1579.0198,bitsoalpha,1584.0000,binance,4.9802,0.3154
2026-08-17T18:56:26-03:00,Mon,18,1578.2600,bitsoalpha,1583.9856,satoshitango,5.7256,0.3628
2026-08-17T19:36:31-03:00,Mon,19,1579.5200,bitsoalpha,1583.8477,satoshitango,4.3277,0.2740
2026-08-17T19:56:31-03:00,Mon,19,1579.2503,bitsoalpha,1583.9836,satoshitango,4.7333,0.2997
2026-08-17T20:33:31-03:00,Mon,20,1580.0300,lemoncashp2p,1583.1000,binance,3.0700,0.1943
2026-08-17T20:55:36-03:00,Mon,20,1580.0400,lemoncashp2p,1583.8000,binance,3.7600,0.2380
2026-08-17T22:47:35-03:00,Mon,22,1580.1400,bitsoalpha,1584.2380,binance,4.0980,0.2593
2026-08-18T00:05:36-03:00,Tue,0,1578.4400,bitsoalpha,1584.7000,binance,6.2600,0.3966
2026-08-18T00:54:00-03:00,Tue,0,1580.6500,bitsoalpha,1584.7000,binance,4.0500,0.2562
2026-08-18T01:48:05-03:00,Tue,1,1580.9100,bitsoalpha,1584.9996,binance,4.0896,0.2587
2026-08-18T02:41:44-03:00,Tue,2,1579.7400,bitsoalpha,1584.8000,binance,5.0600,0.3203
2026-08-18T03:00:37-03:00,Tue,3,1580.4200,bitsoalpha,1584.7000,binance,4.2800,0.2708
2026-08-18T04:00:31-03:00,Tue,4,1581.1900,bitsoalpha,1584.7000,binance,3.5100,0.2220
2026-08-18T04:49:51-03:00,Tue,4,1580.7800,bitsoalpha,1584.4172,binance,3.6372,0.2301
2026-08-18T05:50:29-03:00,Tue,5,1580.3600,bitsoalpha,1584.4000,binance,4.0400,0.2556
2026-08-18T06:45:38-03:00,Tue,6,1578.7400,bitsoalpha,1584.4000,binance,5.6600,0.3585
2026-08-18T07:42:56-03:00,Tue,7,1579.0814,bitsoalpha,1584.9000,binance,5.8186,0.3685
2026-08-18T08:02:45-03:00,Tue,8,1579.3900,bitsoalpha,1584.6000,binance,5.2100,0.3299
2026-08-18T08:35:55-03:00,Tue,8,1577.9901,bitsoalpha,1584.5000,binance,6.5099,0.4125
2026-08-18T08:57:32-03:00,Tue,8,1577.8906,bitsoalpha,1583.7000,binance,5.8094,0.3682
2026-08-18T10:04:35-03:00,Tue,10,1580.9918,bitsoalpha,1583.9000,binance,2.9082,0.1839
2026-08-18T10:53:44-03:00,Tue,10,1578.2500,bitsoalpha,1580.5000,binance,2.2500,0.1426
2026-08-18T11:48:44-03:00,Tue,11,1579.0000,okexp2p,1583.8945,satoshitango,4.8945,0.3100
2026-08-18T12:43:08-03:00,Tue,12,1578.5830,lemoncashp2p,1580.6000,binance,2.0170,0.1278
2026-08-18T13:02:21-03:00,Tue,13,1578.6473,lemoncashp2p,1584.4734,satoshitango,5.8261,0.3691
2026-08-18T13:45:36-03:00,Tue,13,1579.0000,bitgetp2p,1583.9884,satoshitango,4.9884,0.3159
2026-08-18T14:38:39-03:00,Tue,14,1578.0500,bitsoalpha,1587.0931,satoshitango,9.0431,0.5731
2026-08-18T14:58:54-03:00,Tue,14,1578.2813,bitsoalpha,1587.0474,satoshitango,8.7661,0.5554
2026-08-18T15:53:21-03:00,Tue,15,1579.0100,bitsoalpha,1586.2914,satoshitango,7.2814,0.4611
2026-08-18T16:35:58-03:00,Tue,16,1578.7909,bitsoalpha,1583.2084,binance,4.4175,0.2798
2026-08-18T16:53:48-03:00,Tue,16,1578.7600,bitsoalpha,1583.9000,binance,5.1400,0.3256
2026-08-18T17:36:35-03:00,Tue,17,1579.7100,bitsoalpha,1583.3103,binance,3.6003,0.2279
2026-08-18T17:56:35-03:00,Tue,17,1580.0000,fiwind,1584.2507,binance,4.2507,0.2690
2026-08-18T18:35:09-03:00,Tue,18,1578.8183,bitsoalpha,1582.8000,binance,3.9817,0.2522
2026-08-18T18:54:48-03:00,Tue,18,1580.0000,fiwind,1582.8876,binance,2.8876,0.1828
2026-08-18T19:37:47-03:00,Tue,19,1580.0000,fiwind,1583.5016,binance,3.5016,0.2216
2026-08-18T19:57:19-03:00,Tue,19,1580.0000,lemoncashp2p,1583.8610,binance,3.8610,0.2444
2026-08-18T20:33:25-03:00,Tue,20,1580.0000,lemoncashp2p,1583.3110,binance,3.3110,0.2096
2026-08-18T20:54:49-03:00,Tue,20,1580.0000,lemoncashp2p,1583.5183,binance,3.5183,0.2227
2026-08-18T22:50:13-03:00,Tue,22,1580.4000,bybitp2p,1583.2547,binance,2.8547,0.1806
2026-08-19T00:07:55-03:00,Wed,0,1580.2858,lemoncashp2p,1583.2496,binance,2.9638,0.1875
2026-08-19T01:48:18-03:00,Wed,1,1583.0839,bybitp2p,1583.9000,binance,0.8161,0.0516
2026-08-19T02:42:59-03:00,Wed,2,1582.7674,ripioexchange,1583.8400,bitsoalpha,1.0726,0.0678
2026-08-19T03:02:17-03:00,Wed,3,1582.3694,ripioexchange,1584.2000,binance,1.8306,0.1157
2026-08-19T04:01:30-03:00,Wed,4,1583.3553,lemoncashp2p,1584.0061,bitsoalpha,0.6508,0.0411
2026-08-19T04:50:14-03:00,Wed,4,1581.9717,ripioexchange,1584.1200,bitsoalpha,2.1483,0.1358
2026-08-19T05:51:35-03:00,Wed,5,1581.0096,lemoncashp2p,1584.1100,bitsoalpha,3.1004,0.1961
2026-08-19T06:46:08-03:00,Wed,6,1580.5683,lemoncashp2p,1584.8237,bitsoalpha,4.2554,0.2692
2026-08-19T07:43:12-03:00,Wed,7,1579.9541,lemoncashp2p,1584.0000,ripioexchange,4.0459,0.2561
2026-08-19T08:35:56-03:00,Wed,8,1580.0150,lemoncashp2p,1584.4000,binance,4.3850,0.2775
2026-08-19T08:57:05-03:00,Wed,8,1580.0150,lemoncashp2p,1583.3000,binance,3.2850,0.2079
2026-08-19T10:05:34-03:00,Wed,10,1580.0000,lemoncashp2p,1589.8757,satoshitango,9.8757,0.6250
2026-08-19T10:53:59-03:00,Wed,10,1580.0000,lemoncashp2p,1585.9325,satoshitango,5.9325,0.3755
2026-08-19T11:49:29-03:00,Wed,11,1579.5300,bitsoalpha,1585.7490,satoshitango,6.2190,0.3937
2026-08-19T12:42:40-03:00,Wed,12,1579.6923,lemoncashp2p,1587.3490,satoshitango,7.6567,0.4847
2026-08-19T13:03:02-03:00,Wed,13,1504.9000,bybitp2p,1586.9540,satoshitango,82.0540,5.4525
2026-08-19T13:44:14-03:00,Wed,13,1579.1412,ripioexchange,1585.0159,satoshitango,5.8747,0.3720
2026-08-19T14:36:53-03:00,Wed,14,1578.9595,lemoncashp2p,1586.7125,satoshitango,7.7530,0.4910
2026-08-19T14:56:20-03:00,Wed,14,1578.9595,lemoncashp2p,1586.9224,satoshitango,7.9629,0.5043
2026-08-19T15:50:48-03:00,Wed,15,1578.6846,lemoncashp2p,1586.9254,satoshitango,8.2408,0.5220
2026-08-19T16:35:18-03:00,Wed,16,1578.2713,lemoncashp2p,1586.9102,satoshitango,8.6389,0.5474
2026-08-19T16:56:10-03:00,Wed,16,1581.8300,bybitp2p,1586.0740,binance,4.2440,0.2683
2026-08-19T17:41:33-03:00,Wed,17,1581.9932,okexp2p,1584.6353,binance,2.6421,0.1670
2026-08-19T18:01:46-03:00,Wed,18,1581.3074,okexp2p,1583.9336,binance,2.6262,0.1661
2026-08-19T18:36:09-03:00,Wed,18,1582.0000,okexp2p,1584.5300,binance,2.5300,0.1599
2026-08-19T18:56:59-03:00,Wed,18,1581.9973,okexp2p,1584.6384,binance,2.6411,0.1669
2026-08-19T19:37:18-03:00,Wed,19,1581.9993,okexp2p,1584.2556,binance,2.2563,0.1426
2026-08-19T19:57:14-03:00,Wed,19,1582.0000,okexp2p,1584.3084,binance,2.3084,0.1459
2026-08-19T20:33:22-03:00,Wed,20,1581.6040,lemoncashp2p,1583.9708,binance,2.3668,0.1496
2026-08-19T20:55:20-03:00,Wed,20,1580.9418,lemoncashp2p,1584.1409,binance,3.1991,0.2024
2026-08-19T22:48:32-03:00,Wed,22,1.0000,decrypto,1584.9900,bitsoalpha,1583.9900,158399.0000
2026-08-20T00:07:28-03:00,Thu,0,1.0000,decrypto,1584.6000,binance,1583.6000,158360.0000
2026-08-20T00:55:10-03:00,Thu,0,1.0000,decrypto,1583.9000,binance,1582.9000,158290.0000
2026-08-20T01:49:29-03:00,Thu,1,1.0000,decrypto,1584.8000,binance,1583.8000,158380.0000
2026-08-20T02:42:59-03:00,Thu,2,1.0000,decrypto,1583.6430,binance,1582.6430,158264.3000
2026-08-20T03:02:35-03:00,Thu,3,1.0000,decrypto,1583.7000,binance,1582.7000,158270.0000
2026-08-20T04:02:14-03:00,Thu,4,1.0000,decrypto,1583.7000,binance,1582.7000,158270.0000
2026-08-20T04:52:52-03:00,Thu,4,1.0000,decrypto,1583.9000,binance,1582.9000,158290.0000
2026-08-20T05:52:50-03:00,Thu,5,1.0000,decrypto,1584.8000,binance,1583.8000,158380.0000
2026-08-20T06:47:26-03:00,Thu,6,1.0000,decrypto,1583.1285,binance,1582.1285,158212.8500
2026-08-20T07:44:11-03:00,Thu,7,1.0000,decrypto,1583.2000,binance,1582.2000,158220.0000
2026-08-20T08:37:39-03:00,Thu,8,1.0000,decrypto,1584.1000,binance,1583.1000,158310.0000
2026-08-20T08:58:33-03:00,Thu,8,1.0000,decrypto,1584.2000,binance,1583.2000,158320.0000
2026-08-20T10:08:00-03:00,Thu,10,1.0000,decrypto,1584.8000,binance,1583.8000,158380.0000
2026-08-20T10:55:46-03:00,Thu,10,1539.5550,decrypto,1586.4450,decrypto,46.8900,3.0457
2026-08-20T11:51:04-03:00,Thu,11,1539.5550,decrypto,1586.4450,decrypto,46.8900,3.0457
2026-08-20T12:45:48-03:00,Thu,12,1579.9174,ripioexchange,1583.7989,binance,3.8815,0.2457
2026-08-20T13:47:52-03:00,Thu,13,1579.0000,okexp2p,1584.4007,binance,5.4007,0.3420
2026-08-20T14:41:54-03:00,Thu,14,1578.8720,bybitp2p,1894.3600,bitgetp2p,315.4880,19.9819
2026-08-20T15:01:37-03:00,Thu,15,1578.8700,bybitp2p,1584.9000,binance,6.0300,0.3819
2026-08-20T15:55:48-03:00,Thu,15,1579.7000,bybitp2p,1585.7000,binance,6.0000,0.3798
2026-08-20T16:40:55-03:00,Thu,16,1577.9000,bybitp2p,1585.2000,binance,7.3000,0.4626
2026-08-20T17:01:02-03:00,Thu,17,1579.8000,bitgetp2p,1584.9615,binance,5.1615,0.3267
2026-08-20T17:42:10-03:00,Thu,17,1579.3394,lemoncashp2p,1584.6000,binance,5.2606,0.3331
2026-08-20T18:03:29-03:00,Thu,18,1580.0000,okexp2p,1585.6000,binance,5.6000,0.3544
2026-08-20T18:39:01-03:00,Thu,18,1577.2112,lemoncashp2p,1586.5725,binance,9.3613,0.5935
2026-08-20T18:58:52-03:00,Thu,18,1579.1136,okexp2p,1588.2000,binance,9.0864,0.5754
2026-08-20T19:40:58-03:00,Thu,19,1576.0373,lemoncashp2p,1586.6342,binance,10.5969,0.6724
2026-08-20T20:01:20-03:00,Thu,20,1579.9010,lemoncashp2p,1586.6878,binance,6.7868,0.4296
2026-08-20T20:35:57-03:00,Thu,20,1580.2300,bitsoalpha,1585.7201,binance,5.4901,0.3474
2026-08-20T20:56:28-03:00,Thu,20,1580.0000,bybitp2p,1585.1212,binance,5.1212,0.3241
2026-08-20T22:54:19-03:00,Thu,22,1579.9900,bybitp2p,1586.8000,binance,6.8100,0.4310
2026-08-21T00:13:12-03:00,Fri,0,1579.9800,bybitp2p,1586.2000,binance,6.2200,0.3937
2026-08-21T01:20:41-03:00,Fri,1,1580.0000,bybitp2p,1586.9000,binance,6.9000,0.4367
2026-08-21T02:08:40-03:00,Fri,2,1580.0000,bybitp2p,1586.5000,binance,6.5000,0.4114
2026-08-21T02:45:46-03:00,Fri,2,1580.0000,bybitp2p,1586.5000,binance,6.5000,0.4114
2026-08-21T04:03:49-03:00,Fri,4,1580.0000,bybitp2p,1586.5000,binance,6.5000,0.4114
2026-08-21T04:53:39-03:00,Fri,4,1580.0000,bybitp2p,1586.6000,binance,6.6000,0.4177
2026-08-21T05:54:14-03:00,Fri,5,1582.8873,ripioexchange,1586.6000,binance,3.7127,0.2346
2026-08-21T06:49:22-03:00,Fri,6,1580.6900,bitsoalpha,1586.5000,binance,5.8100,0.3676
2026-08-21T07:43:38-03:00,Fri,7,1581.5000,bitgetp2p,1586.7792,binance,5.2792,0.3338
2026-08-21T08:37:11-03:00,Fri,8,1581.5000,bitgetp2p,1586.9000,binance,5.4000,0.3414
2026-08-21T08:58:18-03:00,Fri,8,1581.5000,bitgetp2p,1585.5000,binance,4.0000,0.2529
2026-08-21T10:07:02-03:00,Fri,10,1579.9900,bitsoalpha,1586.5851,binance,6.5951,0.4174
2026-08-21T10:54:56-03:00,Fri,10,1579.9500,bitsoalpha,1585.7914,binance,5.8414,0.3697
2026-08-21T11:50:03-03:00,Fri,11,1576.0000,bitsoalpha,1584.9000,binance,8.9000,0.5647
2026-08-21T12:45:04-03:00,Fri,12,1578.7470,bitsoalpha,1584.1000,binance,5.3530,0.3391
2026-08-21T13:48:15-03:00,Fri,13,1578.9900,bybitp2p,1585.9021,satoshitango,6.9121,0.4378
2026-08-21T14:40:29-03:00,Fri,14,1579.0000,bybitp2p,1585.3000,binance,6.3000,0.3990
2026-08-21T15:01:26-03:00,Fri,15,1579.5000,bybitp2p,1587.9000,binance,8.4000,0.5318
2026-08-21T15:52:26-03:00,Fri,15,1579.9900,bybitp2p,1588.3000,binance,8.3100,0.5260
2026-08-21T16:33:47-03:00,Fri,16,1579.9000,bybitp2p,1585.9262,satoshitango,6.0262,0.3814
2026-08-21T16:53:30-03:00,Fri,16,1579.6139,lemoncashp2p,1587.9094,satoshitango,8.2955,0.5252
2026-08-21T17:36:49-03:00,Fri,17,1579.5000,bybitp2p,1588.0000,binance,8.5000,0.5381
2026-08-21T17:56:55-03:00,Fri,17,1580.7000,bybitp2p,1588.2000,binance,7.5000,0.4745
2026-08-21T18:35:20-03:00,Fri,18,1580.8900,bitgetp2p,1588.2000,binance,7.3100,0.4624
2026-08-21T18:57:01-03:00,Fri,18,1580.3063,lemoncashp2p,1588.9000,binance,8.5937,0.5438
2026-08-21T19:37:18-03:00,Fri,19,1580.8702,bybitp2p,1593.3644,binance,12.4942,0.7903
2026-08-21T19:57:02-03:00,Fri,19,1581.9218,okexp2p,1591.9546,binance,10.0328,0.6342
2026-08-21T20:34:53-03:00,Fri,20,1582.9325,satoshitango,1592.1000,binance,9.1675,0.5791
2026-08-21T20:56:17-03:00,Fri,20,1582.8703,satoshitango,1592.2000,binance,9.3297,0.5894
2026-08-21T22:47:07-03:00,Fri,22,1582.8393,satoshitango,1590.9000,binance,8.0607,0.5093
2026-08-22T00:04:31-03:00,Sat,0,1582.3375,satoshitango,1590.9000,binance,8.5625,0.5411
2026-08-22T00:52:29-03:00,Sat,0,1582.5721,satoshitango,1591.1000,binance,8.5279,0.5389
2026-08-22T01:45:39-03:00,Sat,1,1582.6968,satoshitango,1592.4000,binance,9.7032,0.6131
2026-08-22T02:38:31-03:00,Sat,2,1577.0981,satoshitango,1593.3000,binance,16.2019,1.0273
2026-08-22T02:58:31-03:00,Sat,2,1578.7716,satoshitango,1592.2000,binance,13.4284,0.8506
2026-08-22T03:56:24-03:00,Sat,3,1578.8822,satoshitango,1591.2000,binance,12.3178,0.7802
2026-08-22T04:41:30-03:00,Sat,4,1578.5067,satoshitango,1590.6000,binance,12.0933,0.7661
2026-08-22T04:59:41-03:00,Sat,4,1578.6165,satoshitango,1590.5696,binance,11.9531,0.7572
2026-08-22T05:44:07-03:00,Sat,5,1578.6481,satoshitango,1590.6000,binance,11.9519,0.7571
2026-08-22T06:37:43-03:00,Sat,6,1578.7738,satoshitango,1590.6000,binance,11.8262,0.7491
2026-08-22T06:55:43-03:00,Sat,6,1578.8204,satoshitango,1590.7000,binance,11.8796,0.7524
2026-08-22T07:36:34-03:00,Sat,7,1579.2268,satoshitango,1590.9000,binance,11.6732,0.7392
2026-08-22T07:56:16-03:00,Sat,7,1579.2425,satoshitango,1590.9000,binance,11.6575,0.7382
2026-08-22T08:32:01-03:00,Sat,8,1579.2898,satoshitango,1590.9000,binance,11.6102,0.7352
2026-08-22T08:54:23-03:00,Sat,8,1579.1490,satoshitango,1590.9000,binance,11.7510,0.7441
2026-08-22T09:57:29-03:00,Sat,9,1580.1830,satoshitango,1590.9000,binance,10.7170,0.6782
2026-08-22T10:40:56-03:00,Sat,10,1580.1201,satoshitango,1590.9000,binance,10.7799,0.6822
2026-08-22T10:57:22-03:00,Sat,10,1580.0729,satoshitango,1590.9000,binance,10.8271,0.6852
2026-08-22T11:35:00-03:00,Sat,11,1579.7903,satoshitango,1590.9000,binance,11.1097,0.7032
2026-08-22T11:55:23-03:00,Sat,11,1579.5866,satoshitango,1590.9000,binance,11.3134,0.7162
2026-08-22T12:32:57-03:00,Sat,12,1582.2601,satoshitango,1590.9000,binance,8.6399,0.5460
2026-08-22T12:54:03-03:00,Sat,12,1581.9943,satoshitango,1590.9000,binance,8.9057,0.5629
2026-08-22T13:36:25-03:00,Sat,13,1582.2754,satoshitango,1590.6490,binance,8.3736,0.5292
2026-08-22T13:56:56-03:00,Sat,13,1582.0875,satoshitango,1590.5765,binance,8.4890,0.5366
2026-08-22T14:32:46-03:00,Sat,14,1582.0257,satoshitango,1590.9000,binance,8.8743,0.5609
2026-08-22T14:54:38-03:00,Sat,14,1582.1196,satoshitango,1590.9000,binance,8.7804,0.5550
2026-08-22T15:46:12-03:00,Sat,15,1586.1402,satoshitango,1590.9000,binance,4.7598,0.3001
2026-08-22T16:31:40-03:00,Sat,16,1584.3500,bitsoalpha,1588.1232,binance,3.7732,0.2382
2026-08-22T16:52:57-03:00,Sat,16,1582.8000,bitsoalpha,1586.7000,binance,3.9000,0.2464
2026-08-22T17:35:45-03:00,Sat,17,1583.9500,bitsoalpha,1589.6000,binance,5.6500,0.3567
2026-08-22T17:56:21-03:00,Sat,17,1584.6329,bitsoalpha,1590.1000,binance,5.4671,0.3450
2026-08-22T18:32:43-03:00,Sat,18,1585.0400,bitsoalpha,1590.1000,binance,5.0600,0.3192
2026-08-22T18:54:44-03:00,Sat,18,1583.3016,bitsoalpha,1590.8000,binance,7.4984,0.4736
2026-08-22T19:34:36-03:00,Sat,19,1585.2948,satoshitango,1590.9000,binance,5.6052,0.3536
2026-08-22T19:55:17-03:00,Sat,19,1584.4528,bitsoalpha,1590.9000,binance,6.4472,0.4069
2026-08-22T20:32:05-03:00,Sat,20,1584.4100,bitsoalpha,1590.9000,binance,6.4900,0.4096
2026-08-22T20:53:51-03:00,Sat,20,1584.2781,bitsoalpha,1590.3000,binance,6.0219,0.3801
2026-08-22T22:56:53-03:00,Sat,22,1583.7621,satoshitango,1590.0000,binance,6.2379,0.3939
2026-08-23T00:12:45-03:00,Sun,0,1584.1839,satoshitango,1590.8000,binance,6.6161,0.4176
2026-08-23T01:00:11-03:00,Sun,1,1584.2623,satoshitango,1590.8000,binance,6.5377,0.4127
2026-08-23T01:49:00-03:00,Sun,1,1584.1378,satoshitango,1590.9000,binance,6.7622,0.4269
2026-08-23T02:41:14-03:00,Sun,2,1584.1220,satoshitango,1590.8000,binance,6.6780,0.4216
2026-08-23T03:00:59-03:00,Sun,3,1584.0907,satoshitango,1590.7000,binance,6.6093,0.4172
2026-08-23T03:57:35-03:00,Sun,3,1584.1061,satoshitango,1590.1668,binance,6.0607,0.3826
2026-08-23T04:43:58-03:00,Sun,4,1584.2308,satoshitango,1588.8000,binance,4.5692,0.2884
2026-08-23T05:44:54-03:00,Sun,5,1584.2467,satoshitango,1588.8000,binance,4.5533,0.2874
2026-08-23T06:38:37-03:00,Sun,6,1584.2942,satoshitango,1588.8000,binance,4.5058,0.2844
2026-08-23T06:56:54-03:00,Sun,6,1584.2783,satoshitango,1588.8000,binance,4.5217,0.2854
2026-08-23T07:36:16-03:00,Sun,7,1584.2625,satoshitango,1588.8000,binance,4.5375,0.2864
2026-08-23T07:56:32-03:00,Sun,7,1584.3565,satoshitango,1590.0000,binance,5.6435,0.3562
2026-08-23T08:31:59-03:00,Sun,8,1584.7006,satoshitango,1590.0000,binance,5.2994,0.3344
2026-08-23T08:54:25-03:00,Sun,8,1584.7640,satoshitango,1590.2000,binance,5.4360,0.3430
2026-08-23T09:58:44-03:00,Sun,9,1584.9506,satoshitango,1590.7000,binance,5.7494,0.3627
2026-08-23T10:42:10-03:00,Sun,10,1584.5133,satoshitango,1590.7000,binance,6.1867,0.3904
2026-08-23T10:59:13-03:00,Sun,10,1584.5133,satoshitango,1590.7000,binance,6.1867,0.3904
2026-08-23T11:35:34-03:00,Sun,11,1581.6044,satoshitango,1590.2000,binance,8.5956,0.5435
2026-08-23T11:57:04-03:00,Sun,11,1577.8513,satoshitango,1589.0000,bitgetp2p,11.1487,0.7066
2026-08-23T12:33:26-03:00,Sun,12,1581.7915,satoshitango,1587.6000,bybitp2p,5.8085,0.3672
2026-08-23T12:54:50-03:00,Sun,12,1581.8697,satoshitango,1586.5000,bybitp2p,4.6303,0.2927
2026-08-23T13:39:12-03:00,Sun,13,1581.5884,satoshitango,1590.1000,binance,8.5116,0.5382
2026-08-23T13:58:46-03:00,Sun,13,1581.5732,satoshitango,1590.1000,binance,8.5268,0.5391
2026-08-23T14:31:36-03:00,Sun,14,1581.5262,satoshitango,1590.1000,binance,8.5738,0.5421
2026-08-23T14:53:11-03:00,Sun,14,1581.3713,satoshitango,1590.2000,binance,8.8287,0.5583
2026-08-23T15:45:21-03:00,Sun,15,1581.5426,satoshitango,1590.7000,binance,9.1574,0.5790
2026-08-23T16:31:21-03:00,Sun,16,1583.4044,satoshitango,1590.7000,binance,7.2956,0.4608
2026-08-23T16:52:39-03:00,Sun,16,1579.9316,satoshitango,1590.7000,binance,10.7684,0.6816
2026-08-23T17:35:27-03:00,Sun,17,1580.2446,satoshitango,1590.7000,binance,10.4554,0.6616
2026-08-23T17:55:58-03:00,Sun,17,1579.8849,satoshitango,1590.7000,binance,10.8151,0.6845
2026-08-23T18:33:41-03:00,Sun,18,1579.9167,satoshitango,1590.7000,binance,10.7833,0.6825
2026-08-23T18:54:19-03:00,Sun,18,1579.9323,satoshitango,1591.4000,binance,11.4677,0.7258
2026-08-23T19:34:51-03:00,Sun,19,1585.2400,bitsoalpha,1590.9000,binance,5.6600,0.3570
2026-08-23T19:55:13-03:00,Sun,19,1585.9800,bitsoalpha,1590.9000,binance,4.9200,0.3102
2026-08-23T20:33:04-03:00,Sun,20,1585.0348,bitsoalpha,1590.9000,binance,5.8652,0.3700
2026-08-23T20:54:22-03:00,Sun,20,1584.5800,bitsoalpha,1590.9000,binance,6.3200,0.3988
2026-08-23T22:54:45-03:00,Sun,22,1585.6941,bitsoalpha,1590.9000,binance,5.2059,0.3283
2026-08-24T00:13:42-03:00,Mon,0,1585.2708,bitsoalpha,1593.0000,bybitp2p,7.7292,0.4876
2026-08-24T01:25:47-03:00,Mon,1,1585.6903,bitsoalpha,1590.9000,binance,5.2097,0.3285
2026-08-24T02:23:04-03:00,Mon,2,1585.7800,bitsoalpha,1590.9000,binance,5.1200,0.3229
2026-08-24T03:06:57-03:00,Mon,3,1585.7313,bitsoalpha,1590.9000,binance,5.1687,0.3260
2026-08-24T04:16:52-03:00,Mon,4,1585.3618,bitsoalpha,1590.9000,binance,5.5382,0.3493
2026-08-24T05:23:54-03:00,Mon,5,1585.6700,bitsoalpha,1590.9000,binance,5.2300,0.3298
2026-08-24T06:28:05-03:00,Mon,6,1585.4100,bitsoalpha,1590.3000,binance,4.8900,0.3084
2026-08-24T07:20:30-03:00,Mon,7,1585.1000,bitsoalpha,1590.3000,binance,5.2000,0.3281
2026-08-24T08:04:54-03:00,Mon,8,1584.2719,bitsoalpha,1590.3000,binance,6.0281,0.3805
2026-08-24T08:40:15-03:00,Mon,8,1584.9610,bitsoalpha,1590.0000,binance,5.0390,0.3179
2026-08-24T08:59:59-03:00,Mon,8,1584.1500,bitsoalpha,1590.7000,binance,6.5500,0.4135
2026-08-24T10:09:58-03:00,Mon,10,1583.5300,bitsoalpha,1591.1000,binance,7.5700,0.4780
2026-08-24T10:59:48-03:00,Mon,10,1584.0300,bitsoalpha,1592.5000,binance,8.4700,0.5347
2026-08-24T11:55:53-03:00,Mon,11,1587.0000,lemoncashp2p,1595.6000,binance,8.6000,0.5419
2026-08-24T12:51:40-03:00,Mon,12,1586.8970,lemoncashp2p,1597.9960,satoshitango,11.0990,0.6994
2026-08-24T13:52:12-03:00,Mon,13,1580.0500,lemoncashp2p,1596.8717,satoshitango,16.8217,1.0646
2026-08-24T14:42:17-03:00,Mon,14,1585.9010,lemoncashp2p,1598.8000,binance,12.8990,0.8134
2026-08-24T15:03:50-03:00,Mon,15,1586.0000,lemoncashp2p,1596.8158,satoshitango,10.8158,0.6820
2026-08-24T15:55:45-03:00,Mon,15,1591.4045,bybitp2p,1598.9671,satoshitango,7.5626,0.4752
2026-08-24T16:39:39-03:00,Mon,16,1590.3000,bitsoalpha,1600.0349,satoshitango,9.7349,0.6121
2026-08-24T17:00:28-03:00,Mon,17,1591.9000,bitgetp2p,1598.9998,satoshitango,7.0998,0.4460
2026-08-24T17:44:52-03:00,Mon,17,1593.7000,bitgetp2p,1596.3000,binance,2.6000,0.1631
2026-08-24T18:40:44-03:00,Mon,18,1593.6500,bitgetp2p,1597.4000,binance,3.7500,0.2353
2026-08-24T18:59:42-03:00,Mon,18,1591.9053,lemoncashp2p,1597.7000,binance,5.7947,0.3640
2026-08-24T19:40:32-03:00,Mon,19,1592.0290,lemoncashp2p,1597.9000,binance,5.8710,0.3688
2026-08-24T20:00:06-03:00,Mon,20,1592.0290,lemoncashp2p,1597.9000,binance,5.8710,0.3688
2026-08-24T20:31:54-03:00,Mon,20,1591.8017,lemoncashp2p,1596.7000,binance,4.8983,0.3077
2026-08-24T20:54:35-03:00,Mon,20,1592.0211,lemoncashp2p,1596.7000,binance,4.6789,0.2939
2026-08-24T22:49:08-03:00,Mon,22,1593.9666,bybitp2p,1597.9000,binance,3.9334,0.2468
2026-08-25T00:09:24-03:00,Tue,0,1593.9000,bybitp2p,1599.2000,binance,5.3000,0.3325
2026-08-25T00:56:29-03:00,Tue,0,1593.9000,bybitp2p,1599.9000,binance,6.0000,0.3764
2026-08-25T01:50:22-03:00,Tue,1,1594.0310,bybitp2p,1599.6000,binance,5.5690,0.3494
2026-08-25T02:44:12-03:00,Tue,2,1595.7200,bitsoalpha,1599.6000,binance,3.8800,0.2432
2026-08-25T04:05:06-03:00,Tue,4,1595.9460,lemoncashp2p,1599.6000,binance,3.6540,0.2290
2026-08-25T04:54:49-03:00,Tue,4,1595.9460,lemoncashp2p,1600.2000,binance,4.2540,0.2666
2026-08-25T05:56:00-03:00,Tue,5,1595.8502,lemoncashp2p,1600.8000,binance,4.9498,0.3102
2026-08-25T06:48:27-03:00,Tue,6,1594.1300,bitsoalpha,1600.8000,binance,6.6700,0.4184
2026-08-25T07:45:54-03:00,Tue,7,1594.4140,lemoncashp2p,1601.5000,binance,7.0860,0.4444
2026-08-25T08:38:36-03:00,Tue,8,1591.0000,bitgetp2p,1608.2712,satoshitango,17.2712,1.0856
2026-08-25T08:59:46-03:00,Tue,8,1594.2273,lemoncashp2p,1604.5000,binance,10.2727,0.6444
2026-08-25T10:07:53-03:00,Tue,10,1594.7600,bitsoalpha,1602.5197,satoshitango,7.7597,0.4866
2026-08-25T10:59:51-03:00,Tue,10,1595.9900,lemoncashp2p,1604.1363,satoshitango,8.1463,0.5104
2026-08-25T11:59:44-03:00,Tue,11,1590.0000,lemoncashp2p,1601.0183,satoshitango,11.0183,0.6930
2026-08-25T12:55:38-03:00,Tue,12,1593.9900,bybitp2p,1600.0111,satoshitango,6.0211,0.3777
2026-08-25T13:51:58-03:00,Tue,13,1590.0000,bitgetp2p,1597.4000,binance,7.4000,0.4654
2026-08-25T14:41:55-03:00,Tue,14,1591.3865,lemoncashp2p,1597.1000,binance,5.7135,0.3590
2026-08-25T15:02:59-03:00,Tue,15,1591.3865,lemoncashp2p,1600.0000,binance,8.6135,0.5413
2026-08-25T15:54:00-03:00,Tue,15,1592.7500,bybitp2p,1600.0754,satoshitango,7.3254,0.4599
2026-08-25T16:42:34-03:00,Tue,16,1591.5050,lemoncashp2p,1600.0405,satoshitango,8.5355,0.5363
2026-08-25T17:00:26-03:00,Tue,17,1591.9010,lemoncashp2p,1600.0421,satoshitango,8.1411,0.5114
2026-08-25T17:42:14-03:00,Tue,17,1591.1783,lemoncashp2p,1600.5000,binance,9.3217,0.5858
2026-08-25T18:02:15-03:00,Tue,18,1591.4553,lemoncashp2p,1600.2000,binance,8.7447,0.5495
2026-08-25T18:39:22-03:00,Tue,18,1592.0000,okexp2p,1600.0405,satoshitango,8.0405,0.5051
2026-08-25T18:57:53-03:00,Tue,18,1591.4060,lemoncashp2p,1600.0248,satoshitango,8.6188,0.5416
2026-08-25T19:41:30-03:00,Tue,19,1589.1882,lemoncashp2p,1600.0161,satoshitango,10.8279,0.6813
2026-08-25T20:02:03-03:00,Tue,20,1589.6337,lemoncashp2p,1598.8000,binance,9.1663,0.5766
2026-08-25T20:34:35-03:00,Tue,20,1592.5000,okexp2p,1598.7500,binance,6.2500,0.3925
2026-08-25T20:56:26-03:00,Tue,20,1592.5000,okexp2p,1598.8000,binance,6.3000,0.3956
2026-08-25T22:55:07-03:00,Tue,22,1593.4406,okexp2p,1598.8000,binance,5.3594,0.3363
2026-08-26T00:15:53-03:00,Wed,0,1594.0000,lemoncashp2p,1598.9000,binance,4.9000,0.3074
2026-08-26T01:21:12-03:00,Wed,1,1593.4800,bybitp2p,1602.7370,satoshitango,9.2570,0.5809
2026-08-26T02:14:37-03:00,Wed,2,1593.4800,bybitp2p,1602.5194,satoshitango,9.0394,0.5673
2026-08-26T03:03:36-03:00,Wed,3,1595.0000,bybitp2p,1602.4408,satoshitango,7.4408,0.4665
2026-08-26T04:05:01-03:00,Wed,4,1595.0000,bybitp2p,1601.8222,satoshitango,6.8222,0.4277
2026-08-26T04:55:43-03:00,Wed,4,1595.0000,bybitp2p,1602.0703,satoshitango,7.0703,0.4433
2026-08-26T05:58:12-03:00,Wed,5,1595.0000,bybitp2p,1602.1488,satoshitango,7.1488,0.4482
2026-08-26T06:53:38-03:00,Wed,6,1595.0000,bybitp2p,1599.5873,satoshitango,4.5873,0.2876
2026-08-26T07:49:00-03:00,Wed,7,1593.4800,bybitp2p,1601.0008,satoshitango,7.5208,0.4720
2026-08-26T08:40:51-03:00,Wed,8,1594.3700,bybitp2p,1602.5788,satoshitango,8.2088,0.5149
2026-08-26T09:01:50-03:00,Wed,9,1594.3000,bybitp2p,1601.8485,satoshitango,7.5485,0.4735
2026-08-26T10:12:33-03:00,Wed,10,1593.3000,bybitp2p,1600.8153,satoshitango,7.5153,0.4717
2026-08-26T11:02:39-03:00,Wed,11,1592.3000,bybitp2p,1601.3459,bitsoalpha,9.0459,0.5681
2026-08-26T11:58:27-03:00,Wed,11,1595.0000,bingxp2p,1601.8000,binance,6.8000,0.4263
2026-08-26T13:33:04-03:00,Wed,13,1594.8856,lemoncashp2p,1603.0917,satoshitango,8.2061,0.5145
2026-08-26T15:20:36-03:00,Wed,15,1595.9940,bitgetp2p,1602.6640,binance,6.6700,0.4179
2026-08-26T18:11:40-03:00,Wed,18,1597.0000,lemoncashp2p,1603.9929,satoshitango,6.9929,0.4379
2026-08-26T21:47:05-03:00,Wed,21,1595.4136,bybitp2p,1606.1000,binance,10.6864,0.6698
2026-08-27T08:09:46-03:00,Thu,8,1597.5880,binancep2p,1607.0000,binance,9.4120,0.5891
2026-08-27T18:00:37-03:00,Thu,18,1594.9969,okexp2p,1602.8000,binance,7.8031,0.4892
2026-08-28T02:20:50-03:00,Fri,2,1594.9977,okexp2p,1602.8000,binance,7.8023,0.4892
2026-08-28T14:41:31-03:00,Fri,14,1595.5000,bybitp2p,1604.7000,binance,9.2000,0.5766
2026-08-28T22:09:14-03:00,Fri,22,1598.2500,bitsoalpha,1604.5000,binance,6.2500,0.3911
2026-08-29T04:50:34-03:00,Sat,4,1598.8100,bitsoalpha,1605.6000,binance,6.7900,0.4247
2026-08-29T10:48:20-03:00,Sat,10,1597.3731,bitsoalpha,1605.4000,binance,8.0269,0.5025
2026-08-29T14:42:24-03:00,Sat,14,1597.8000,okexp2p,1605.8000,binance,8.0000,0.5007
2026-08-29T16:58:45-03:00,Sat,16,1596.9900,bitsoalpha,1605.8000,binance,8.8100,0.5517
2026-08-29T19:37:47-03:00,Sat,19,1596.9631,bitsoalpha,1605.2000,binance,8.2369,0.5158
2026-08-29T21:40:15-03:00,Sat,21,1596.8700,bitsoalpha,1605.8000,binance,8.9300,0.5592
2026-08-30T02:48:20-03:00,Sun,2,1597.1000,bitsoalpha,1605.4539,binance,8.3539,0.5231
2026-08-30T08:50:17-03:00,Sun,8,1597.0100,bitsoalpha,1605.2000,binance,8.1900,0.5128
2026-08-30T13:37:25-03:00,Sun,13,1597.3900,bitsoalpha,1604.9000,binance,7.5100,0.4701
2026-08-30T16:25:32-03:00,Sun,16,1596.2966,ripioexchange,1603.4184,binance,7.1218,0.4461
2026-08-30T19:02:42-03:00,Sun,19,1595.0000,bybitp2p,1605.8000,binance,10.8000,0.6771
2026-08-30T21:31:57-03:00,Sun,21,1596.4400,bybitp2p,1605.9000,binance,9.4600,0.5926
2026-08-31T03:05:46-03:00,Mon,3,1599.3822,okexp2p,1605.7000,binance,6.3178,0.3950
2026-08-31T10:37:41-03:00,Mon,10,1596.0000,bybitp2p,1603.9000,binance,7.9000,0.4950
2026-08-31T16:37:44-03:00,Mon,16,1595.0000,binancep2p,1600.0000,decrypto,5.0000,0.3135
2026-08-31T20:21:00-03:00,Mon,20,1593.0000,bingxp2p,1603.0000,binance,10.0000,0.6277
2026-08-31T23:01:39-03:00,Mon,23,1593.1600,bitsoalpha,1602.9000,binance,9.7400,0.6114
2026-09-01T04:45:05-03:00,Tue,4,1592.8400,bitsoalpha,1603.5000,binance,10.6600,0.6692
2026-09-01T10:27:45-03:00,Tue,10,1592.0000,bybitp2p,1601.8000,binance,9.8000,0.6156
2026-09-01T14:26:04-03:00,Tue,14,1587.9898,lemoncashp2p,1595.0161,binance,7.0263,0.4425
2026-09-01T17:08:27-03:00,Tue,17,1580.0274,lemoncashp2p,1591.3382,binance,11.3108,0.7159
2026-09-01T19:34:09-03:00,Tue,19,1581.0400,lemoncashp2p,1590.0205,binance,8.9805,0.5680
2026-09-01T21:30:45-03:00,Tue,21,1580.0100,lemoncashp2p,1592.8000,binance,12.7900,0.8095
2026-09-02T02:02:34-03:00,Wed,2,1583.5326,lemoncashp2p,1592.4000,binance,8.8674,0.5600
2026-09-02T06:33:03-03:00,Wed,6,1584.5500,bybitp2p,1592.9000,binance,8.3500,0.5270
2026-09-02T10:51:11-03:00,Wed,10,1580.0000,lemoncashp2p,1593.0000,binance,13.0000,0.8228
2026-09-02T14:52:05-03:00,Wed,14,1584.6505,lemoncashp2p,1594.7000,binance,10.0495,0.6342
2026-09-02T17:58:45-03:00,Wed,17,1584.1912,lemoncashp2p,1593.6000,binance,9.4088,0.5939
2026-09-02T20:17:02-03:00,Wed,20,1581.2880,lemoncashp2p,1592.9000,binance,11.6120,0.7343
2026-09-02T22:25:39-03:00,Wed,22,1586.1277,lemoncashp2p,1592.8000,binance,6.6723,0.4207
2026-09-03T03:28:15-03:00,Thu,3,1584.3313,lemoncashp2p,1593.9000,binance,9.5687,0.6040
2026-09-03T08:41:37-03:00,Thu,8,1584.9253,lemoncashp2p,1593.9000,binance,8.9747,0.5663
2026-09-03T12:10:06-03:00,Thu,12,1579.7138,lemoncashp2p,1589.5000,binance,9.7862,0.6195
2026-09-03T15:36:01-03:00,Thu,15,1578.0000,lemoncashp2p,1588.0299,satoshitango,10.0299,0.6356
2026-09-03T18:18:57-03:00,Thu,18,1582.0900,bitsoalpha,1588.9667,satoshitango,6.8767,0.4347
2026-09-03T20:30:59-03:00,Thu,20,1576.6200,bitsoalpha,1586.1000,binance,9.4800,0.6013
2026-09-03T22:20:40-03:00,Thu,22,1580.9900,bybitp2p,1586.1000,binance,5.1100,0.3232
2026-09-04T03:30:50-03:00,Fri,3,1580.8000,bitsoalpha,1586.0577,binance,5.2577,0.3326
2026-09-04T08:43:02-03:00,Fri,8,1579.0883,lemoncashp2p,1586.6000,binance,7.5117,0.4757
2026-09-04T12:06:00-03:00,Fri,12,1578.4060,lemoncashp2p,1588.5907,satoshitango,10.1847,0.6453
2026-09-04T15:20:40-03:00,Fri,15,1577.1171,bybitp2p,1583.8969,satoshitango,6.7798,0.4299
2026-09-04T18:01:07-03:00,Fri,18,1573.7270,bitsoalpha,1584.3000,binance,10.5730,0.6718
2026-09-04T20:01:15-03:00,Fri,20,1571.3833,bitsoalpha,1581.9934,binance,10.6101,0.6752
2026-09-04T21:54:04-03:00,Fri,21,1573.2100,bitsoalpha,1584.1000,binance,10.8900,0.6922
2026-09-05T02:41:40-03:00,Sat,2,1576.9600,bitsoalpha,1583.9000,binance,6.9400,0.4401
2026-09-05T06:21:50-03:00,Sat,6,1576.0304,bitsoalpha,1582.6000,binance,6.5696,0.4168
2026-09-05T10:00:53-03:00,Sat,10,1575.0300,bitsoalpha,1585.0213,satoshitango,9.9913,0.6344
2026-09-05T13:00:39-03:00,Sat,13,1575.2200,bitsoalpha,1583.2000,binance,7.9800,0.5066
2026-09-05T15:13:32-03:00,Sat,15,1575.2001,bitsoalpha,1583.9000,binance,8.6999,0.5523
2026-09-05T17:41:44-03:00,Sat,17,1576.9205,bitsoalpha,1583.5000,binance,6.5795,0.4172
2026-09-05T19:18:21-03:00,Sat,19,1572.6288,lemoncashp2p,1582.6626,binance,10.0338,0.6380
2026-09-05T21:11:42-03:00,Sat,21,1577.7115,bitsoalpha,1583.6000,binance,5.8885,0.3732
2026-09-06T01:36:36-03:00,Sun,1,1574.0000,lemoncashp2p,1585.0000,bybitp2p,11.0000,0.6989
2026-09-06T05:52:54-03:00,Sun,5,1578.1009,bitsoalpha,1585.0000,bybitp2p,6.8991,0.4372
2026-09-06T09:51:14-03:00,Sun,9,1578.1000,ripioexchange,1583.9000,binance,5.8000,0.3675
2026-09-06T13:12:15-03:00,Sun,13,1578.1200,bitsoalpha,1583.9000,binance,5.7800,0.3663
2026-09-06T15:16:49-03:00,Sun,15,1578.1293,bitsoalpha,1584.5000,binance,6.3707,0.4037
2026-09-06T17:48:00-03:00,Sun,17,1578.5625,lemoncashp2p,1586.8000,binance,8.2375,0.5218
2026-09-06T19:52:12-03:00,Sun,19,1578.8020,lemoncashp2p,1588.7000,binance,9.8980,0.6269
2026-09-06T21:57:55-03:00,Sun,21,1579.0090,lemoncashp2p,1590.6586,binance,11.6496,0.7378
2026-09-07T03:02:10-03:00,Mon,3,1580.0000,lemoncashp2p,1593.7000,binance,13.7000,0.8671
2026-09-07T09:22:37-03:00,Mon,9,1580.0000,lemoncashp2p,1592.7000,binance,12.7000,0.8038
2026-09-07T14:53:45-03:00,Mon,14,1579.0000,lemoncashp2p,1593.9466,satoshitango,14.9466,0.9466
2026-09-07T18:28:03-03:00,Mon,18,1575.2080,lemoncashp2p,1586.0251,binance,10.8171,0.6867
2026-09-07T20:44:34-03:00,Mon,20,1576.0000,lemoncashp2p,1586.4000,binance,10.4000,0.6599
2026-09-08T01:28:10-03:00,Tue,1,1577.9754,lemoncashp2p,1586.4000,binance,8.4246,0.5339
2026-09-08T06:04:22-03:00,Tue,6,1579.6189,lemoncashp2p,1586.4000,binance,6.7811,0.4293
2026-09-08T10:33:10-03:00,Tue,10,1580.0000,lemoncashp2p,1591.0349,satoshitango,11.0349,0.6984
2026-09-08T14:27:42-03:00,Tue,14,1580.0000,lemoncashp2p,1588.3060,satoshitango,8.3060,0.5257
2026-09-08T17:14:46-03:00,Tue,17,1581.5000,bybitp2p,1591.3000,binance,9.8000,0.6197
2026-09-08T19:57:13-03:00,Tue,19,1579.8902,lemoncashp2p,1589.9000,binance,10.0098,0.6336
2026-09-08T22:13:07-03:00,Tue,22,1579.9900,lemoncashp2p,1589.7000,binance,9.7100,0.6146
2026-09-09T02:59:26-03:00,Wed,2,1580.0000,lemoncashp2p,1589.5000,binance,9.5000,0.6013
2026-09-09T08:15:47-03:00,Wed,8,1576.1785,lemoncashp2p,1589.3000,binance,13.1215,0.8325
2026-09-09T12:15:59-03:00,Wed,12,1580.0000,lemoncashp2p,1594.7000,binance,14.7000,0.9304
2026-09-09T15:49:59-03:00,Wed,15,1583.1859,lemoncashp2p,1593.9000,binance,10.7141,0.6767
2026-09-09T18:39:36-03:00,Wed,18,1580.2585,lemoncashp2p,1597.3000,binance,17.0415,1.0784
2026-09-09T20:29:24-03:00,Wed,20,1586.0400,bitgetp2p,1599.5082,binance,13.4682,0.8492
2026-09-09T22:25:49-03:00,Wed,22,1584.2488,lemoncashp2p,1599.9000,binance,15.6512,0.9879
2026-09-10T03:37:28-03:00,Thu,3,1586.5000,bitgetp2p,1599.9000,binance,13.4000,0.8446
2026-09-10T08:46:58-03:00,Thu,8,1580.0000,lemoncashp2p,1599.2000,binance,19.2000,1.2152
2026-09-10T13:20:34-03:00,Thu,13,1582.4867,lemoncashp2p,1599.9112,satoshitango,17.4245,1.1011
2026-09-10T16:14:41-03:00,Thu,16,1584.0000,lemoncashp2p,1597.5712,binance,13.5712,0.8568
2026-09-10T18:51:30-03:00,Thu,18,1586.5239,lemoncashp2p,1599.6000,binance,13.0761,0.8242
2026-09-10T21:05:50-03:00,Thu,21,1582.0000,lemoncashp2p,1598.6000,binance,16.6000,1.0493
2026-09-11T01:31:42-03:00,Fri,1,1589.0000,bybitp2p,1599.9000,binance,10.9000,0.6860
2026-09-11T06:06:42-03:00,Fri,6,1589.0000,bybitp2p,1600.9000,binance,11.9000,0.7489
2026-09-11T10:30:26-03:00,Fri,10,1589.7300,bybitp2p,1599.1000,binance,9.3700,0.5894
2026-09-11T14:11:21-03:00,Fri,14,1585.0000,lemoncashp2p,1594.5000,binance,9.5000,0.5994
2026-09-11T16:41:29-03:00,Fri,16,1589.8135,bybitp2p,1599.5294,satoshitango,9.7159,0.6111
2026-09-11T18:55:37-03:00,Fri,18,1590.9624,bybitp2p,1597.7000,binance,6.7376,0.4235
2026-09-11T21:13:56-03:00,Fri,21,1592.6923,bitsoalpha,1599.4000,binance,6.7077,0.4212
2026-09-12T01:59:21-03:00,Sat,1,1594.1627,bitsoalpha,1601.9000,binance,7.7373,0.4854
2026-09-12T06:14:45-03:00,Sat,6,1594.7809,bitsoalpha,1601.8000,binance,7.0191,0.4401
2026-09-12T10:06:45-03:00,Sat,10,1594.6100,bitsoalpha,1603.2000,binance,8.5900,0.5387
2026-09-12T13:15:13-03:00,Sat,13,1594.6300,bitsoalpha,1603.4287,binance,8.7987,0.5518
2026-09-12T15:43:59-03:00,Sat,15,1593.9914,bitsoalpha,1602.4000,binance,8.4086,0.5275
2026-09-12T18:25:12-03:00,Sat,18,1594.4111,bitsoalpha,1603.4000,binance,8.9889,0.5638
2026-09-12T20:18:39-03:00,Sat,20,1594.3900,bitsoalpha,1603.4000,binance,9.0100,0.5651
2026-09-12T22:23:45-03:00,Sat,22,1594.9000,bitsoalpha,1603.6000,binance,8.7000,0.5455
2026-09-13T03:44:52-03:00,Sun,3,1597.4900,bitsoalpha,1603.2000,binance,5.7100,0.3574
2026-09-13T09:41:45-03:00,Sun,9,1597.4918,bitsoalpha,1603.1000,binance,5.6082,0.3511
2026-09-13T13:37:15-03:00,Sun,13,1597.0272,lemoncashp2p,1603.9000,binance,6.8728,0.4303
2026-09-13T15:56:03-03:00,Sun,15,1597.4500,bitsoalpha,1603.5000,binance,6.0500,0.3787
2026-09-13T18:24:48-03:00,Sun,18,1596.8615,bitsoalpha,1603.9000,binance,7.0385,0.4408
2026-09-13T20:28:50-03:00,Sun,20,1595.9931,bitsoalpha,1604.2000,binance,8.2069,0.5142
2026-09-13T22:37:13-03:00,Sun,22,1595.0380,bitsoalpha,1603.7000,binance,8.6620,0.5431
2026-09-14T04:03:10-03:00,Mon,4,1596.9137,bitsoalpha,1605.5000,binance,8.5863,0.5377
2026-09-14T10:58:08-03:00,Mon,10,1595.0000,bybitp2p,1600.3707,ripioexchange,5.3707,0.3367
2026-09-14T16:18:32-03:00,Mon,16,1592.1000,bitsoalpha,1596.0963,satoshitango,3.9963,0.2510
2026-09-14T19:44:03-03:00,Mon,19,1591.7000,bitgetp2p,1596.9954,satoshitango,5.2954,0.3327
2026-09-14T22:24:05-03:00,Mon,22,1591.9900,bybitp2p,1596.9000,binance,4.9100,0.3084
2026-09-15T03:39:46-03:00,Tue,3,1593.9000,okexp2p,1596.9766,satoshitango,3.0766,0.1930
2026-09-15T09:06:30-03:00,Tue,9,1590.4725,eldoradop2p,1597.7560,satoshitango,7.2835,0.4579
2026-09-15T13:53:36-03:00,Tue,13,1591.3800,bitsoalpha,1593.1000,binance,1.7200,0.1081
2026-09-15T17:12:52-03:00,Tue,17,1590.0110,lemoncashp2p,1598.5181,binance,8.5071,0.5350
2026-09-15T19:53:50-03:00,Tue,19,1589.8020,lemoncashp2p,1596.8000,binance,6.9980,0.4402
2026-09-15T22:22:25-03:00,Tue,22,1589.9900,lemoncashp2p,1596.9000,binance,6.9100,0.4346
2026-09-16T03:42:41-03:00,Wed,3,1593.0000,lemoncashp2p,1596.8000,binance,3.8000,0.2385
2026-09-16T09:04:49-03:00,Wed,9,1592.1546,lemoncashp2p,1596.8000,binance,4.6454,0.2918
2026-09-16T13:47:47-03:00,Wed,13,1585.1251,lemoncashp2p,1594.5000,binance,9.3749,0.5914
2026-09-16T17:04:43-03:00,Wed,17,1590.9000,bitgetp2p,1598.0399,satoshitango,7.1399,0.4488
